NO_Residents,EV_Type,Arrival,Depart,EV_demand,EV_Power,EV_Distance,EV_soc_low,EV_soc_up,EV_soc_arr,SL_loads,SL_cycle,SL_low,SL_up,TCL_R,TCL_C,TCL_COP,TCL_MAX,TCL_Beta,TCL_temp_low,TCL_temp_up
2,Small,19,9,4.0,11,10.525,4.0,15.2,12.0,0.685125,1,19,23,10.6,1.12,4.72,0.4374,0.919,21,27
2,Small,17,9,4.0,7,6.479,4.0,15.2,12.0,3.42945,1,2,7,32.64,3.01,4.7,0.4374,0.99,23,27
2,Sedan,17,8,6.0,7,2.665,6.0,22.8,18.0,13.009950000000002,3,2,6,43.31,1.26,4.61,0.48195,0.982,22,28
2,Sedan,20,8,6.0,11,10.429,6.0,22.8,18.0,2.426175,2,2,6,29.32,1.78,4.65,0.405,0.981,23,27
1,Small,16,10,4.0,7,7.443,4.0,15.2,12.0,5.4774,3,2,8,33.43,1.64,4.7,0.4212,0.982,19,28
1,Sedan,19,9,6.0,7,13.307,6.0,22.8,18.0,2.426175,2,19,23,13.36,3.28,4.64,0.37259999999999993,0.977,23,27
5,SUV,20,11,13.5,3,10.168,13.5,51.3,40.5,2.426175,3,7,10,18.93,1.96,4.73,0.4616999999999992,0.973,22,27
4,Small,18,11,5.0,7,12.837,4.0,15.2,11.0,1.33605,1,18,23,24.33,2.4,4.76,0.405,0.983,23,29
3,Sedan,17,11,6.0,3,6.547,6.0,22.8,18.0,3.42945,1,9,16,49.68,3.04,4.78,0.46574999999999916,0.993,21,28
2,Truck,18,9,17.5,3,11.292,17.5,66.5,52.5,3.42945,1,18,23,22.52,1.09,4.66,0.40095000000000003,0.96,23,31
5,Sedan,18,11,6.0,7,9.216,6.0,22.8,18.0,5.4774,3,9,17,18.49,3.38,4.71,0.4131,0.984,19,27
3,Sedan,17,10,6.0,7,11.142,6.0,22.8,18.0,18.696825,3,17,23,18.36,3.06,4.64,0.40095000000000003,0.982,23,30
4,Sedan,21,10,6.0,11,13.976,6.0,22.8,18.0,3.42945,3,8,20,24.77,2.43,4.77,0.38475,0.984,21,30
2,Small,18,8,4.0,7,11.283,4.0,15.2,12.0,19.434825,1,18,23,25.7,2.69,4.8,0.3807,0.986,22,28
1,Small,19,10,6.0,3,15.463,4.0,15.2,10.0,5.4774,1,19,23,16.94,1.57,4.72,0.4374,0.963,23,29
3,Sedan,20,8,7.0,3,16.062,6.0,22.8,17.0,19.434825,2,6,19,20.19,1.36,4.63,0.5022000000000001,0.964,22,30
3,Sedan,16,8,6.0,11,6.141,6.0,22.8,18.0,0.685125,2,6,15,29.05,2.11,4.75,0.40905,0.984,21,29
5,Small,19,9,4.0,3,5.081,4.0,15.2,12.0,13.009950000000002,2,6,8,34.62,2.42,4.77,0.38475,0.988,22,29
4,SUV,19,10,13.5,7,6.089,13.5,51.3,40.5,3.42945,3,8,18,44.45,0.51,4.61,0.37259999999999993,0.957,22,27
3,Small,19,9,4.0,3,8.79,4.0,15.2,12.0,13.009950000000002,3,7,10,36.56,1.79,4.8,0.38475,0.985,21,27
1,Sedan,19,9,7.0,7,15.313,6.0,22.8,17.0,13.009950000000002,3,4,7,46.95,3.16,4.79,0.4697999999999992,0.993,21,28
3,SUV,21,9,13.5,7,9.932,13.5,51.3,40.5,1.33605,2,21,23,42.17,2.39,4.8,0.5022000000000001,0.99,22,29
2,Sedan,19,10,6.0,11,14.264,6.0,22.8,18.0,0.685125,1,6,8,6.93,3.52,4.67,0.5022000000000001,0.96,19,31
1,Sedan,20,11,6.0,3,9.729,6.0,22.8,18.0,5.4774,2,2,9,46.9,1.82,4.69,0.4455,0.988,22,30
5,Truck,20,7,17.5,3,7.415,17.5,66.5,52.5,1.33605,1,5,19,43.7,1.23,4.73,0.36854999999999993,0.982,21,31
2,Truck,21,8,17.5,11,6.59,17.5,66.5,52.5,5.4774,2,6,20,18.6,2.72,4.65,0.40095000000000003,0.98,19,30
4,Truck,16,9,17.5,3,5.292,17.5,66.5,52.5,13.009950000000002,2,16,23,14.17,2.62,4.65,0.38475,0.973,19,30
3,Small,17,9,4.0,3,8.678,4.0,15.2,12.0,18.696825,2,3,7,23.33,1.11,4.71,0.49410000000000004,0.962,22,30
1,Sedan,18,11,6.0,7,12.585,6.0,22.8,18.0,2.426175,2,18,23,39.73,2.56,4.73,0.3807,0.99,19,29
1,SUV,22,9,13.5,3,4.953,13.5,51.3,40.5,0.685125,1,7,21,31.46,2.88,4.79,0.47384999999999916,0.989,19,29
4,Sedan,20,9,6.0,7,9.219,6.0,22.8,18.0,0.685125,3,20,23,44.47,1.34,4.79,0.4616999999999992,0.983,20,31
3,Sedan,16,7,6.0,3,5.222,6.0,22.8,18.0,18.696825,3,16,23,10.51,1.64,4.62,0.4536000000000001,0.944,21,27
4,Small,18,10,4.0,11,10.3,4.0,15.2,12.0,3.42945,2,18,23,7.68,2.91,4.6,0.5022000000000001,0.956,19,27
3,Small,20,10,5.0,7,13.442,4.0,15.2,11.0,18.696825,2,1,8,14.23,2.02,4.78,0.405,0.966,20,27
1,Sedan,18,8,6.0,7,6.6,6.0,22.8,18.0,18.696825,2,6,17,20.4,0.54,4.77,0.38475,0.913,20,28
5,Sedan,20,10,6.0,7,7.644,6.0,22.8,18.0,2.426175,3,8,19,23.47,2.46,4.72,0.36449999999999994,0.983,22,30
5,Small,16,9,4.0,7,4.646,4.0,15.2,12.0,19.434825,3,16,23,11.04,2.42,4.66,0.48195,0.963,20,31
3,Truck,17,10,17.5,3,3.556,17.5,66.5,52.5,0.685125,1,8,16,18.99,0.77,4.66,0.47384999999999916,0.934,22,30
1,Sedan,17,10,6.0,7,8.578,6.0,22.8,18.0,18.696825,2,17,23,10.28,0.67,4.78,0.37664999999999993,0.865,22,27
1,Small,17,7,4.0,7,5.739,4.0,15.2,12.0,1.33605,2,5,7,26.36,0.56,4.61,0.4131,0.935,23,28
1,Truck,18,9,17.5,3,13.107,17.5,66.5,52.5,1.33605,3,7,17,44.03,1.5,4.67,0.42524999999999996,0.985,20,27
3,Small,19,8,4.0,7,7.549,4.0,15.2,12.0,1.33605,2,19,23,45.29,3.12,4.78,0.45764999999999917,0.993,21,30
1,Small,17,11,4.0,7,8.319,4.0,15.2,12.0,1.33605,1,9,16,26.15,2.68,4.71,0.40095000000000003,0.986,19,31
3,Truck,17,10,17.5,11,12.615,17.5,66.5,52.5,3.42945,2,4,8,36.37,2.63,4.69,0.43335,0.99,20,30
2,SUV,17,9,13.5,7,12.285,13.5,51.3,40.5,2.426175,2,17,23,12.17,3.28,4.61,0.40905,0.975,21,27
3,Sedan,17,10,6.0,3,7.527,6.0,22.8,18.0,5.4774,3,8,16,18.91,1.39,4.65,0.47790000000000005,0.963,21,31
2,Sedan,17,8,6.0,3,11.108,6.0,22.8,18.0,3.42945,2,17,23,21.03,2.78,4.63,0.4212,0.983,20,29
1,Small,17,10,6.0,3,15.339,4.0,15.2,10.0,13.009950000000002,1,17,23,38.91,1.96,4.79,0.4374,0.987,19,27
2,Small,19,9,6.0,11,17.069,4.0,15.2,10.0,3.42945,3,19,23,38.06,0.68,4.74,0.405,0.962,20,31
4,Small,19,9,4.0,3,11.701,4.0,15.2,12.0,1.33605,2,7,18,47.73,0.85,4.62,0.3888,0.976,22,30
5,SUV,17,10,13.5,7,9.955,13.5,51.3,40.5,2.426175,2,17,23,30.51,2.81,4.73,0.37259999999999993,0.988,23,28
3,Sedan,18,8,6.0,11,9.381,6.0,22.8,18.0,19.434825,3,4,7,10.53,0.9,4.72,0.47790000000000005,0.9,23,28
5,SUV,21,11,13.5,7,8.568,13.5,51.3,40.5,5.4774,2,2,9,35.4,2.83,4.75,0.49410000000000004,0.99,21,27
4,Small,18,9,4.0,7,7.718,4.0,15.2,12.0,13.009950000000002,3,18,23,29.34,1.57,4.66,0.48600000000000004,0.979,21,29
4,Sedan,17,10,6.0,3,13.117,6.0,22.8,18.0,2.426175,3,17,23,8.61,2.23,4.72,0.44955,0.949,20,30
2,Sedan,18,8,6.0,11,9.828,6.0,22.8,18.0,1.33605,1,5,6,27.3,0.55,4.73,0.3888,0.936,23,31
3,Truck,18,9,17.5,7,10.972,17.5,66.5,52.5,3.42945,1,7,17,30.24,2.26,4.66,0.45764999999999917,0.985,21,27
1,Small,16,7,4.0,7,4.646,4.0,15.2,12.0,1.33605,3,4,7,11.78,2.93,4.69,0.49815,0.971,19,31
2,Small,18,7,4.0,3,8.549,4.0,15.2,12.0,1.33605,1,18,23,34.93,0.79,4.74,0.5022000000000001,0.964,23,30
5,SUV,18,8,13.5,7,8.015,13.5,51.3,40.5,19.434825,2,6,8,16.65,0.86,4.65,0.36449999999999994,0.933,20,30
1,Small,18,10,4.0,3,11.166,4.0,15.2,12.0,18.696825,3,8,17,46.38,2.63,4.6,0.44145,0.992,20,27
3,Sedan,19,9,6.0,7,11.849,6.0,22.8,18.0,2.426175,3,1,7,39.24,3.43,4.75,0.4293,0.993,23,29
4,Small,20,10,4.0,3,7.346,4.0,15.2,12.0,3.42945,1,8,19,49.61,1.04,4.64,0.4697999999999992,0.981,20,27
4,SUV,18,10,13.5,11,11.621,13.5,51.3,40.5,13.009950000000002,2,8,17,31.47,0.74,4.8,0.39690000000000003,0.958,23,30
5,Sedan,19,11,6.0,11,8.174,6.0,22.8,18.0,0.685125,2,3,9,36.5,1.96,4.79,0.47790000000000005,0.986,21,28
1,Truck,16,10,17.5,3,11.155,17.5,66.5,52.5,3.42945,2,3,8,28.6,2.8,4.77,0.46574999999999916,0.988,23,27
3,Small,17,7,4.0,3,9.19,4.0,15.2,12.0,18.696825,1,17,23,46.19,0.53,4.63,0.44145,0.96,22,27
5,Sedan,16,10,6.0,11,3.932,6.0,22.8,18.0,0.685125,1,1,8,29.33,1.03,4.67,0.36449999999999994,0.967,20,30
2,Sedan,17,9,6.0,7,12.353,6.0,22.8,18.0,19.434825,1,17,23,13.14,1.14,4.74,0.46574999999999916,0.935,23,30
1,Small,19,10,5.0,7,12.622,4.0,15.2,11.0,1.33605,1,19,23,44.51,2.62,4.72,0.37664999999999993,0.991,20,30
2,Small,20,9,4.0,7,11.073,4.0,15.2,12.0,19.434825,3,20,23,25.29,1.88,4.64,0.41715,0.979,20,27
4,SUV,16,11,13.5,11,9.752,13.5,51.3,40.5,13.009950000000002,1,9,15,19.68,3.31,4.76,0.48600000000000004,0.985,22,31
4,Small,19,10,4.0,7,7.871,4.0,15.2,12.0,18.696825,1,19,23,9.42,1.08,4.79,0.4616999999999992,0.906,22,31
3,Sedan,20,10,6.0,7,7.139,6.0,22.8,18.0,13.009950000000002,3,1,8,26.89,0.58,4.75,0.36854999999999993,0.938,20,31
3,Small,18,9,4.0,7,4.978,4.0,15.2,12.0,2.426175,3,7,17,13.89,1.76,4.66,0.46574999999999916,0.96,22,30
3,SUV,21,9,13.5,11,10.842,13.5,51.3,40.5,18.696825,3,7,20,24.64,3.13,4.68,0.405,0.987,19,28
1,Small,20,11,4.0,7,5.579,4.0,15.2,12.0,2.426175,1,2,9,34.73,1.54,4.62,0.4536000000000001,0.981,19,30
4,Truck,20,9,17.5,11,4.142,17.5,66.5,52.5,2.426175,2,2,7,14.88,1.31,4.66,0.37259999999999993,0.95,22,27
4,SUV,21,11,13.5,3,7.438,13.5,51.3,40.5,3.42945,1,9,20,48.4,1.41,4.76,0.39285000000000003,0.985,20,31
2,Sedan,19,9,6.0,11,14.96,6.0,22.8,18.0,3.42945,3,7,18,8.54,3.15,4.74,0.4131,0.964,22,30
3,Sedan,19,10,6.0,11,10.884,6.0,22.8,18.0,19.434825,3,8,18,10.62,1.58,4.64,0.46574999999999916,0.942,20,30
3,Sedan,19,12,6.0,3,6.923,6.0,22.8,18.0,2.426175,3,19,23,12.63,0.52,4.65,0.48600000000000004,0.859,21,27
5,SUV,20,11,13.5,11,13.076,13.5,51.3,40.5,19.434825,2,6,9,6.99,2.86,4.65,0.43335,0.951,20,29
4,SUV,19,9,13.5,7,9.603,13.5,51.3,40.5,3.42945,3,6,9,46.2,3.08,4.63,0.44955,0.993,22,27
5,Small,21,10,4.0,7,9.001,4.0,15.2,12.0,0.685125,3,8,20,38.64,1.7,4.61,0.37259999999999993,0.985,22,31
5,SUV,19,10,13.5,11,16.386,13.5,51.3,40.5,5.4774,1,6,8,43.07,3.43,4.62,0.50625,0.993,23,28
4,Small,20,11,6.0,7,15.65,4.0,15.2,10.0,0.685125,1,9,19,28.38,1.13,4.65,0.36854999999999993,0.969,23,27
4,Small,18,10,4.0,7,9.367,4.0,15.2,12.0,5.4774,3,6,9,39.46,2.88,4.76,0.4293,0.991,23,28
1,SUV,17,10,13.5,7,11.563,13.5,51.3,40.5,3.42945,3,8,16,37.21,1.63,4.73,0.49005,0.984,23,31
2,Truck,19,11,17.5,11,8.753,17.5,66.5,52.5,5.4774,1,19,23,20.52,1.42,4.75,0.41715,0.966,20,30
5,SUV,19,12,13.5,3,12.842,13.5,51.3,40.5,1.33605,3,10,18,15.54,3.17,4.73,0.3807,0.98,23,28
3,Small,21,10,4.0,7,8.068,4.0,15.2,12.0,5.4774,3,8,20,8.83,2.54,4.71,0.49815,0.956,22,28
4,Sedan,16,11,6.0,3,6.272,6.0,22.8,18.0,1.33605,1,9,15,46.04,1.22,4.61,0.4374,0.982,20,28
4,Truck,18,12,17.5,7,4.964,17.5,66.5,52.5,13.009950000000002,3,10,17,48.71,1.29,4.64,0.4536000000000001,0.984,21,31
5,Small,18,7,4.0,3,9.029,4.0,15.2,12.0,5.4774,3,5,17,31.52,1.46,4.7,0.44955,0.979,23,29
1,Small,18,9,7.0,7,17.506,4.0,15.2,9.0,3.42945,1,7,17,33.25,2.3,4.62,0.44145,0.987,20,27
4,Small,19,7,4.0,11,5.734,4.0,15.2,12.0,2.426175,1,19,23,31.26,1.98,4.74,0.42524999999999996,0.984,22,30
4,Small,21,8,5.0,3,12.49,4.0,15.2,11.0,18.696825,3,4,7,49.14,1.35,4.8,0.43335,0.985,19,30
4,SUV,16,9,13.5,3,11.781,13.5,51.3,40.5,3.42945,2,1,7,9.82,1.12,4.66,0.39690000000000003,0.913,21,30
2,Small,20,10,5.0,11,14.499,4.0,15.2,11.0,1.33605,3,2,8,39.37,2.22,4.76,0.3888,0.989,23,31
3,Sedan,16,7,6.0,11,7.735,6.0,22.8,18.0,18.696825,2,3,5,41.07,3.01,4.63,0.4131,0.992,23,27
4,Sedan,18,8,6.0,3,5.845,6.0,22.8,18.0,3.42945,1,1,6,24.51,0.86,4.62,0.37664999999999993,0.954,23,28
2,SUV,18,12,13.5,7,9.829,13.5,51.3,40.5,19.434825,3,2,10,41.67,1.89,4.67,0.3888,0.987,22,31
4,SUV,19,9,13.5,11,9.26,13.5,51.3,40.5,1.33605,3,2,7,7.88,2.26,4.64,0.43335,0.945,22,29
5,Truck,19,8,17.5,11,6.825,17.5,66.5,52.5,3.42945,2,19,23,29.13,2.2,4.72,0.49815,0.985,21,31
4,Small,19,9,4.0,11,9.506,4.0,15.2,12.0,1.33605,3,7,18,33.42,2.89,4.76,0.47790000000000005,0.99,22,28
1,Sedan,19,8,6.0,11,13.604,6.0,22.8,18.0,13.009950000000002,3,6,18,43.1,1.74,4.64,0.4536000000000001,0.987,22,28
4,SUV,21,9,13.5,7,15.222,13.5,51.3,40.5,18.696825,3,7,10,44.05,3.2,4.72,0.40905,0.993,22,27
4,Sedan,18,7,6.0,7,4.828,6.0,22.8,18.0,0.685125,3,5,17,50.09,2.55,4.62,0.4536000000000001,0.992,20,27
3,Small,17,10,4.0,7,7.037,4.0,15.2,12.0,3.42945,1,17,23,14.4,2.22,4.69,0.4212,0.969,21,29
5,Sedan,18,12,6.0,11,7.391,6.0,22.8,18.0,5.4774,3,18,23,36.3,1.46,4.74,0.45764999999999917,0.981,20,29
5,SUV,19,10,13.5,7,6.078,13.5,51.3,40.5,5.4774,2,6,8,9.31,1.95,4.67,0.49005,0.946,20,30
3,Sedan,16,9,6.0,11,9.313,6.0,22.8,18.0,0.685125,3,16,23,7.28,1.98,4.73,0.47384999999999916,0.933,19,29
3,Sedan,18,9,6.0,11,12.422,6.0,22.8,18.0,19.434825,3,7,17,21.45,2.97,4.78,0.4455,0.984,21,29
3,Small,17,8,5.0,11,12.335,4.0,15.2,11.0,1.33605,1,17,23,35.88,3.3,4.71,0.49410000000000004,0.992,21,27
5,Small,17,9,4.0,3,10.722,4.0,15.2,12.0,13.009950000000002,1,7,16,45.63,2.13,4.73,0.49410000000000004,0.99,19,29
3,Small,17,8,5.0,7,13.448,4.0,15.2,11.0,0.685125,2,6,16,25.59,1.69,4.67,0.44955,0.977,21,27
1,Small,19,9,4.0,3,8.837,4.0,15.2,12.0,2.426175,3,7,18,23.72,3.22,4.79,0.41715,0.987,23,27
3,SUV,18,9,13.5,7,10.544,13.5,51.3,40.5,1.33605,2,2,7,8.76,2.33,4.71,0.4374,0.952,22,31
2,Small,17,9,4.0,11,8.408,4.0,15.2,12.0,2.426175,2,17,23,8.8,3.34,4.72,0.46574999999999916,0.967,23,31
1,Sedan,16,9,6.0,7,7.915,6.0,22.8,18.0,2.426175,2,16,23,41.71,3.43,4.78,0.36449999999999994,0.993,23,29
2,Small,17,8,4.0,7,7.233,4.0,15.2,12.0,13.009950000000002,1,17,23,22.99,2.8,4.72,0.4697999999999992,0.985,19,29
3,Sedan,18,7,6.0,7,10.128,6.0,22.8,18.0,19.434825,1,5,17,23.05,1.33,4.74,0.4616999999999992,0.968,21,30
5,SUV,17,10,13.5,7,3.74,13.5,51.3,40.5,3.42945,2,17,23,15.16,0.75,4.68,0.45764999999999917,0.916,21,30
3,SUV,19,11,13.5,7,1.891,13.5,51.3,40.5,3.42945,2,5,9,30.29,3.23,4.7,0.40095000000000003,0.99,21,30
2,Sedan,22,9,6.0,3,11.097,6.0,22.8,18.0,18.696825,2,7,21,26.43,1.79,4.65,0.48600000000000004,0.979,23,31
5,Sedan,21,8,6.0,3,8.498,6.0,22.8,18.0,3.42945,3,6,20,11.28,3.26,4.69,0.405,0.973,21,30
3,Small,18,10,4.0,7,8.298,4.0,15.2,12.0,1.33605,2,18,23,18.2,3.45,4.71,0.4293,0.984,21,31
5,Small,18,8,6.0,3,14.969,4.0,15.2,10.0,1.33605,3,6,17,38.07,0.98,4.72,0.49005,0.974,23,30
2,Sedan,18,8,6.0,3,7.063,6.0,22.8,18.0,1.33605,1,18,23,46.69,1.32,4.7,0.37259999999999993,0.984,19,27
2,Small,18,11,4.0,3,8.766,4.0,15.2,12.0,0.685125,3,9,12,29.71,2.13,4.61,0.48600000000000004,0.984,19,29
1,Sedan,17,8,6.0,7,6.082,6.0,22.8,18.0,3.42945,2,6,16,25.9,2.25,4.79,0.50625,0.983,23,28
1,SUV,19,8,13.5,3,9.224,13.5,51.3,40.5,19.434825,1,1,6,30.34,1.52,4.66,0.3888,0.979,23,31
3,Small,18,9,4.0,7,6.636,4.0,15.2,12.0,18.696825,2,7,17,23.46,1.29,4.71,0.48600000000000004,0.967,20,31
4,Sedan,18,8,7.0,11,16.531,6.0,22.8,17.0,0.685125,2,6,17,35.41,3.3,4.75,0.44955,0.991,20,28
4,Sedan,18,10,6.0,3,10.129,6.0,22.8,18.0,5.4774,1,5,8,19.34,0.77,4.74,0.48195,0.935,21,31
1,SUV,19,7,13.5,7,15.677,13.5,51.3,40.5,5.4774,1,19,23,48.62,1.34,4.74,0.37259999999999993,0.985,22,27
3,Small,17,10,4.0,7,10.83,4.0,15.2,12.0,18.696825,3,17,23,25.83,1.11,4.69,0.405,0.966,21,30
4,Sedan,18,8,6.0,7,12.64,6.0,22.8,18.0,5.4774,3,4,7,25.68,2.47,4.67,0.49005,0.984,22,28
3,Sedan,19,12,6.0,11,5.198,6.0,22.8,18.0,19.434825,3,19,23,36.18,3.33,4.72,0.405,0.992,23,31
5,Small,20,10,6.0,3,15.932,4.0,15.2,10.0,19.434825,3,5,8,38.51,0.81,4.6,0.49815,0.968,21,29
3,Sedan,20,7,6.0,3,13.183,6.0,22.8,18.0,5.4774,3,20,23,44.11,1.31,4.62,0.4455,0.983,21,30
5,Sedan,19,9,6.0,7,12.85,6.0,22.8,18.0,0.685125,2,7,18,45.66,2.08,4.77,0.36449999999999994,0.99,21,27
3,Truck,17,11,17.5,7,15.559,17.5,66.5,52.5,13.009950000000002,2,9,16,18.41,3.11,4.66,0.40905,0.983,23,31
2,Sedan,17,12,6.0,3,3.274,6.0,22.8,18.0,5.4774,2,2,10,31.1,0.99,4.78,0.3888,0.968,21,31
3,Sedan,22,8,6.0,11,3.789,6.0,22.8,18.0,13.009950000000002,1,22,23,26.21,1.9,4.71,0.41715,0.98,19,31
5,SUV,18,9,13.5,7,5.918,13.5,51.3,40.5,0.685125,1,7,17,26.83,2.52,4.6,0.39285000000000003,0.985,19,29
2,Small,18,11,4.0,11,6.874,4.0,15.2,12.0,5.4774,1,18,23,45.8,0.66,4.73,0.4536000000000001,0.967,19,30
4,Sedan,19,7,6.0,7,14.62,6.0,22.8,18.0,2.426175,2,5,18,16.03,2.57,4.63,0.47790000000000005,0.976,21,29
4,Sedan,18,7,6.0,11,9.078,6.0,22.8,18.0,18.696825,3,18,23,18.91,2.7,4.74,0.4293,0.981,21,27
2,Small,20,8,4.0,11,10.629,4.0,15.2,12.0,1.33605,2,6,19,11.35,3.01,4.63,0.36854999999999993,0.971,20,29
4,Small,18,10,4.0,7,11.743,4.0,15.2,12.0,18.696825,3,8,17,35.4,1.57,4.75,0.5022000000000001,0.982,20,31
4,Sedan,16,10,6.0,11,13.387,6.0,22.8,18.0,3.42945,3,4,8,29.56,2.66,4.79,0.42524999999999996,0.987,20,31
1,Small,17,8,4.0,3,7.113,4.0,15.2,12.0,2.426175,2,17,23,43.95,0.64,4.79,0.43335,0.965,21,27
2,Small,17,10,5.0,3,14.063,4.0,15.2,11.0,13.009950000000002,2,8,10,38.93,3.33,4.63,0.45764999999999917,0.992,23,31
4,Small,18,11,5.0,11,13.725,4.0,15.2,11.0,19.434825,3,18,23,32.01,2.46,4.72,0.49410000000000004,0.987,21,31
3,Sedan,19,7,6.0,3,14.238,6.0,22.8,18.0,1.33605,1,19,23,11.24,2.6,4.7,0.37664999999999993,0.966,23,29
5,SUV,19,12,13.5,3,12.877,13.5,51.3,40.5,2.426175,1,19,23,13.91,0.5,4.8,0.39690000000000003,0.866,19,27
4,Small,17,7,4.0,11,5.934,4.0,15.2,12.0,0.685125,1,17,23,26.85,3.5,4.69,0.48600000000000004,0.989,23,30
5,SUV,19,9,13.5,3,14.478,13.5,51.3,40.5,3.42945,3,1,7,17.1,2.49,4.73,0.4212,0.977,21,27
2,SUV,18,10,13.5,7,6.854,13.5,51.3,40.5,19.434825,2,8,17,19.87,3.41,4.67,0.43335,0.985,22,30
5,Small,21,10,5.0,11,13.423,4.0,15.2,11.0,18.696825,1,8,20,18.06,1.32,4.62,0.48600000000000004,0.959,23,29
5,Small,20,9,4.0,3,7.274,4.0,15.2,12.0,13.009950000000002,2,7,9,8.34,1.36,4.6,0.48195,0.916,22,27
5,Small,21,9,5.0,7,13.943,4.0,15.2,11.0,0.685125,3,7,20,49.82,2.84,4.72,0.39285000000000003,0.993,23,28
2,Small,16,8,6.0,7,16.091,4.0,15.2,10.0,18.696825,3,1,6,11.73,1.24,4.73,0.43335,0.934,19,28
4,Small,20,9,6.0,3,15.288,4.0,15.2,10.0,19.434825,2,7,19,10.3,1.32,4.67,0.39285000000000003,0.929,23,29
3,Small,17,11,5.0,3,12.6,4.0,15.2,11.0,5.4774,1,4,9,13.42,0.88,4.79,0.43335,0.919,22,30
3,Small,18,10,5.0,7,12.938,4.0,15.2,11.0,1.33605,3,18,23,49.2,1.31,4.69,0.43335,0.985,21,30
2,Sedan,17,8,6.0,3,10.659,6.0,22.8,18.0,1.33605,2,6,16,49.84,1.39,4.63,0.45764999999999917,0.986,19,30
5,Small,21,7,5.0,7,12.075,4.0,15.2,11.0,18.696825,1,2,5,41.98,3.43,4.64,0.4536000000000001,0.993,22,29
3,Sedan,20,10,6.0,11,13.033,6.0,22.8,18.0,19.434825,1,8,19,36.59,1.83,4.75,0.48195,0.985,22,29
2,SUV,16,7,13.5,7,10.842,13.5,51.3,40.5,3.42945,2,5,15,13.49,3.45,4.7,0.4293,0.979,23,27
4,SUV,21,10,13.5,11,11.516,13.5,51.3,40.5,13.009950000000002,3,8,20,29.52,0.81,4.71,0.48195,0.959,19,31
2,SUV,19,11,13.5,3,12.252,13.5,51.3,40.5,3.42945,2,3,9,44.54,1.98,4.66,0.49410000000000004,0.989,23,31
5,Small,16,8,4.0,7,6.774,4.0,15.2,12.0,3.42945,3,16,23,10.16,3.1,4.69,0.4616999999999992,0.969,20,31
1,Small,16,10,4.0,7,11.496,4.0,15.2,12.0,1.33605,3,1,8,8.9,3.46,4.62,0.40905,0.968,23,28
1,Sedan,21,7,6.0,11,9.743,6.0,22.8,18.0,5.4774,2,5,20,30.32,0.71,4.76,0.4131,0.955,22,27
4,Small,19,11,4.0,3,9.498,4.0,15.2,12.0,1.33605,1,9,18,50.0,3.09,4.62,0.39285000000000003,0.994,20,28
4,Small,17,11,4.0,7,9.956,4.0,15.2,12.0,19.434825,1,9,16,18.0,1.21,4.7,0.405,0.955,20,28
3,SUV,20,7,13.5,3,8.667,13.5,51.3,40.5,3.42945,2,20,23,30.6,1.98,4.75,0.40905,0.984,22,31
1,Truck,20,8,17.5,3,6.75,17.5,66.5,52.5,5.4774,2,6,8,42.98,0.7,4.75,0.40095000000000003,0.967,22,28
3,Sedan,17,9,6.0,11,11.781,6.0,22.8,18.0,3.42945,2,17,23,31.28,2.53,4.76,0.48600000000000004,0.987,23,27
4,Truck,17,11,17.5,7,7.397,17.5,66.5,52.5,1.33605,1,5,9,38.48,2.59,4.61,0.41715,0.99,23,30
5,SUV,19,8,13.5,7,8.974,13.5,51.3,40.5,2.426175,2,19,23,41.07,2.22,4.62,0.46574999999999916,0.989,20,30
3,Sedan,18,10,6.0,11,5.833,6.0,22.8,18.0,1.33605,3,18,23,46.17,0.94,4.79,0.3888,0.977,22,30
2,SUV,18,7,13.5,3,9.419,13.5,51.3,40.5,2.426175,1,5,17,12.77,2.43,4.66,0.48600000000000004,0.968,19,30
5,Small,16,8,4.0,3,8.583,4.0,15.2,12.0,1.33605,3,1,6,37.1,2.31,4.76,0.405,0.988,23,30
1,SUV,17,9,13.5,11,18.242,13.5,51.3,40.5,2.426175,1,7,16,42.1,2.59,4.67,0.50625,0.991,23,30
5,SUV,17,11,13.5,11,11.098,13.5,51.3,40.5,19.434825,1,7,9,12.65,1.37,4.7,0.4131,0.944,23,27
1,Small,20,9,4.0,7,10.118,4.0,15.2,12.0,0.685125,1,7,19,23.37,2.49,4.74,0.5022000000000001,0.983,23,29
3,SUV,18,10,13.5,11,10.126,13.5,51.3,40.5,3.42945,1,18,23,33.55,1.81,4.69,0.49410000000000004,0.984,22,31
2,Sedan,19,8,6.0,11,12.776,6.0,22.8,18.0,18.696825,3,6,18,38.78,3.18,4.61,0.4455,0.992,20,31
4,SUV,19,10,13.5,3,11.999,13.5,51.3,40.5,1.33605,1,1,8,36.05,2.86,4.66,0.405,0.99,21,30
2,Small,18,8,5.0,7,13.205,4.0,15.2,11.0,3.42945,1,18,23,49.9,2.41,4.74,0.39285000000000003,0.992,19,30
3,Sedan,19,7,6.0,3,11.422,6.0,22.8,18.0,5.4774,1,5,6,39.03,1.49,4.64,0.40095000000000003,0.983,21,30
3,Sedan,18,10,6.0,7,10.809,6.0,22.8,18.0,18.696825,3,18,23,36.92,1.57,4.64,0.405,0.983,20,29
5,Sedan,17,12,6.0,3,9.132,6.0,22.8,18.0,13.009950000000002,1,10,16,25.98,2.05,4.69,0.39690000000000003,0.981,22,28
4,Small,20,9,5.0,11,11.914,4.0,15.2,11.0,18.696825,1,7,19,11.98,1.96,4.73,0.49815,0.958,19,29
5,SUV,18,7,13.5,11,9.995,13.5,51.3,40.5,3.42945,1,5,17,37.22,2.96,4.79,0.47384999999999916,0.991,20,31
5,Sedan,19,8,6.0,3,10.354,6.0,22.8,18.0,18.696825,2,6,18,32.72,2.41,4.69,0.4293,0.987,19,29
5,SUV,17,9,13.5,3,12.85,13.5,51.3,40.5,5.4774,2,7,16,46.12,1.03,4.62,0.39690000000000003,0.979,23,30
3,Small,16,11,6.0,3,14.9,4.0,15.2,10.0,19.434825,3,16,23,13.71,2.65,4.65,0.36854999999999993,0.973,23,29
5,Small,21,11,4.0,7,10.461,4.0,15.2,12.0,0.685125,3,6,9,31.58,2.32,4.74,0.45764999999999917,0.986,19,31
2,Sedan,21,10,6.0,7,6.414,6.0,22.8,18.0,19.434825,1,2,8,47.97,1.59,4.8,0.39690000000000003,0.987,22,28
3,Small,18,9,5.0,7,12.433,4.0,15.2,11.0,3.42945,3,7,17,8.58,1.56,4.64,0.4293,0.928,21,31
3,Small,17,7,4.0,7,9.985,4.0,15.2,12.0,0.685125,1,17,23,35.62,0.86,4.73,0.4697999999999992,0.968,21,27
4,Sedan,20,10,6.0,7,15.154,6.0,22.8,18.0,2.426175,3,5,8,19.84,1.45,4.65,0.49815,0.966,20,31
5,Sedan,19,7,6.0,7,9.375,6.0,22.8,18.0,0.685125,1,5,18,48.92,2.46,4.71,0.49005,0.992,23,28
5,Sedan,18,8,6.0,3,7.989,6.0,22.8,18.0,1.33605,2,2,6,41.35,1.79,4.8,0.36449999999999994,0.987,21,30
4,SUV,19,11,13.5,7,14.356,13.5,51.3,40.5,19.434825,1,9,18,48.6,3.17,4.62,0.46574999999999916,0.994,21,29
2,Sedan,20,9,6.0,7,14.58,6.0,22.8,18.0,3.42945,2,20,23,33.02,2.47,4.68,0.39285000000000003,0.988,23,28
1,Small,18,11,4.0,3,7.614,4.0,15.2,12.0,18.696825,2,9,17,39.23,0.64,4.63,0.4374,0.961,21,30
2,Small,19,10,6.0,11,15.753,4.0,15.2,10.0,5.4774,1,19,23,36.59,1.37,4.64,0.37664999999999993,0.98,19,29
3,Truck,20,8,17.5,11,12.869,17.5,66.5,52.5,1.33605,1,20,23,8.41,0.99,4.61,0.4212,0.887,22,30
3,SUV,20,8,13.5,3,9.191,13.5,51.3,40.5,1.33605,3,4,7,16.14,1.98,4.76,0.4455,0.969,20,28
3,Sedan,20,11,6.0,7,12.279,6.0,22.8,18.0,0.685125,2,8,10,23.74,3.53,4.68,0.5022000000000001,0.988,19,30
5,Sedan,20,12,6.0,11,7.769,6.0,22.8,18.0,5.4774,2,10,19,23.76,0.82,4.79,0.47790000000000005,0.95,22,31
1,SUV,19,11,13.5,7,11.041,13.5,51.3,40.5,3.42945,2,4,9,36.2,3.33,4.7,0.47790000000000005,0.992,20,30
3,Truck,21,10,17.5,11,14.64,17.5,66.5,52.5,0.685125,2,8,20,46.02,3.19,4.79,0.44955,0.993,19,27
5,Small,18,8,4.0,7,9.206,4.0,15.2,12.0,1.33605,3,6,17,32.45,1.22,4.62,0.48195,0.975,23,31
3,Small,17,11,4.0,3,9.32,4.0,15.2,12.0,5.4774,3,9,16,43.31,2.9,4.62,0.3807,0.992,23,28
1,Small,17,10,4.0,3,11.64,4.0,15.2,12.0,0.685125,2,8,16,44.34,3.29,4.76,0.4616999999999992,0.993,21,31
3,SUV,20,8,13.5,11,5.772,13.5,51.3,40.5,5.4774,3,6,19,22.53,2.91,4.8,0.48195,0.985,19,30
4,Small,19,8,4.0,7,8.326,4.0,15.2,12.0,0.685125,3,6,18,23.31,1.88,4.71,0.38475,0.977,21,29
5,SUV,18,8,13.5,3,8.168,13.5,51.3,40.5,5.4774,1,6,17,16.37,1.94,4.69,0.50625,0.969,23,29
3,Small,18,8,4.0,11,5.821,4.0,15.2,12.0,13.009950000000002,3,6,17,25.77,2.45,4.63,0.42524999999999996,0.984,20,31
4,Sedan,19,8,6.0,3,7.004,6.0,22.8,18.0,2.426175,3,5,8,37.94,2.04,4.71,0.37259999999999993,0.987,21,27
4,Sedan,19,8,6.0,11,11.85,6.0,22.8,18.0,2.426175,1,3,6,47.8,2.53,4.71,0.39285000000000003,0.992,21,28
1,Sedan,18,11,7.0,7,15.292,6.0,22.8,17.0,19.434825,2,18,23,33.45,1.58,4.66,0.42524999999999996,0.981,20,29
3,Sedan,17,9,6.0,11,6.229,6.0,22.8,18.0,2.426175,2,7,16,12.9,1.84,4.61,0.5022000000000001,0.959,21,30
1,Sedan,18,11,6.0,11,11.245,6.0,22.8,18.0,2.426175,2,5,9,41.28,1.03,4.78,0.48600000000000004,0.977,22,30
2,Sedan,16,11,6.0,7,8.896,6.0,22.8,18.0,2.426175,3,16,23,45.93,3.52,4.62,0.46574999999999916,0.994,22,28
1,Small,19,7,5.0,11,13.509,4.0,15.2,11.0,18.696825,2,19,23,32.0,0.68,4.64,0.47790000000000005,0.955,22,28
4,Small,17,8,4.0,7,10.592,4.0,15.2,12.0,3.42945,1,17,23,47.62,1.92,4.64,0.4536000000000001,0.989,20,28
2,SUV,19,11,13.5,3,10.427,13.5,51.3,40.5,3.42945,3,1,9,8.31,3.03,4.62,0.3888,0.961,23,29
2,Small,16,9,4.0,7,7.697,4.0,15.2,12.0,2.426175,1,4,7,22.92,1.3,4.79,0.47790000000000005,0.967,22,31
4,Small,18,9,6.0,3,14.654,4.0,15.2,10.0,19.434825,3,4,7,10.95,1.36,4.74,0.47384999999999916,0.935,23,31
4,Sedan,21,11,8.0,11,17.55,6.0,22.8,16.0,13.009950000000002,3,9,12,28.51,3.02,4.65,0.48600000000000004,0.988,22,27
1,Small,17,12,5.0,3,12.038,4.0,15.2,11.0,19.434825,2,10,16,8.51,2.28,4.65,0.48600000000000004,0.95,23,27
3,SUV,17,8,13.5,11,10.393,13.5,51.3,40.5,1.33605,3,5,8,43.05,2.6,4.8,0.5022000000000001,0.991,23,28
3,Sedan,18,8,6.0,11,9.466,6.0,22.8,18.0,1.33605,3,5,8,50.01,1.96,4.61,0.4131,0.99,19,28
4,Sedan,18,9,6.0,11,13.971,6.0,22.8,18.0,19.434825,1,7,17,31.25,0.7,4.76,0.47790000000000005,0.955,19,28
5,SUV,17,8,13.5,3,4.602,13.5,51.3,40.5,13.009950000000002,1,1,6,10.92,1.73,4.71,0.42524999999999996,0.948,21,27
2,SUV,19,7,13.5,11,14.856,13.5,51.3,40.5,3.42945,2,2,5,36.31,3.26,4.78,0.4536000000000001,0.992,23,30
2,Sedan,19,10,6.0,7,11.334,6.0,22.8,18.0,0.685125,2,8,18,20.83,0.53,4.61,0.43335,0.913,21,27
2,Small,16,8,4.0,3,11.323,4.0,15.2,12.0,1.33605,3,6,15,34.97,3.03,4.69,0.48600000000000004,0.991,21,31
5,Truck,20,7,17.5,7,5.622,17.5,66.5,52.5,2.426175,1,20,23,17.72,2.98,4.68,0.3807,0.981,21,30
4,SUV,18,10,13.5,3,7.099,13.5,51.3,40.5,13.009950000000002,2,6,8,6.73,1.39,4.66,0.37664999999999993,0.899,22,31
4,Small,19,10,4.0,11,10.399,4.0,15.2,12.0,13.009950000000002,1,2,8,12.21,2.1,4.71,0.4374,0.962,23,31
2,Truck,19,9,17.5,7,13.352,17.5,66.5,52.5,18.696825,2,7,18,50.08,1.22,4.76,0.40905,0.984,22,28
1,Small,20,11,5.0,7,14.407,4.0,15.2,11.0,2.426175,3,20,23,38.86,0.59,4.6,0.4374,0.957,20,31
5,Sedan,17,7,6.0,3,9.76,6.0,22.8,18.0,2.426175,3,5,16,44.18,2.94,4.79,0.49815,0.992,19,31
2,SUV,16,9,13.5,7,14.263,13.5,51.3,40.5,0.685125,3,16,23,22.64,1.18,4.69,0.47384999999999916,0.963,20,28
1,SUV,20,9,13.5,3,4.316,13.5,51.3,40.5,5.4774,3,20,23,49.04,1.41,4.64,0.44955,0.986,23,28
1,Sedan,20,7,6.0,11,10.706,6.0,22.8,18.0,19.434825,1,20,23,15.99,0.7,4.68,0.47384999999999916,0.915,23,30
2,Sedan,19,9,7.0,11,17.06,6.0,22.8,17.0,1.33605,2,6,8,34.36,1.63,4.67,0.405,0.982,20,31
2,SUV,18,10,13.5,3,10.612,13.5,51.3,40.5,19.434825,1,18,23,40.49,1.3,4.63,0.36854999999999993,0.981,22,27
2,Sedan,17,9,6.0,3,7.464,6.0,22.8,18.0,0.685125,1,7,16,26.35,2.01,4.79,0.3888,0.981,23,30
3,SUV,18,8,13.5,7,12.548,13.5,51.3,40.5,18.696825,3,18,23,18.4,2.03,4.64,0.5022000000000001,0.974,22,29
3,Sedan,17,8,6.0,3,8.867,6.0,22.8,18.0,1.33605,2,17,23,22.32,2.35,4.7,0.36854999999999993,0.981,20,27
2,Truck,17,10,17.5,7,8.32,17.5,66.5,52.5,18.696825,3,8,16,35.27,2.09,4.75,0.36854999999999993,0.987,22,28
4,Small,17,9,4.0,11,10.169,4.0,15.2,12.0,2.426175,1,17,23,36.2,1.19,4.72,0.39285000000000003,0.977,21,28
5,Small,19,8,5.0,11,12.591,4.0,15.2,11.0,1.33605,2,6,18,10.41,2.14,4.7,0.37259999999999993,0.956,19,27
3,SUV,18,10,13.5,3,10.341,13.5,51.3,40.5,1.33605,2,18,23,15.64,2.35,4.68,0.37259999999999993,0.973,19,31
4,Truck,19,10,17.5,7,7.373,17.5,66.5,52.5,5.4774,1,8,18,31.2,1.72,4.79,0.41715,0.982,19,28
5,SUV,17,11,13.5,3,9.831,13.5,51.3,40.5,5.4774,3,9,16,19.04,1.64,4.75,0.49410000000000004,0.968,19,30
4,Truck,16,9,17.5,3,13.828,17.5,66.5,52.5,5.4774,1,16,23,27.28,3.3,4.71,0.4536000000000001,0.989,19,29
4,Sedan,20,7,6.0,3,7.651,6.0,22.8,18.0,13.009950000000002,3,5,19,8.61,1.64,4.72,0.47384999999999916,0.932,19,30
3,Sedan,17,8,6.0,11,6.114,6.0,22.8,18.0,2.426175,1,17,23,29.76,1.81,4.69,0.49815,0.982,21,29
5,Small,17,7,4.0,7,1.848,4.0,15.2,12.0,13.009950000000002,2,17,23,33.63,2.78,4.75,0.3888,0.989,23,31
3,Sedan,16,8,6.0,11,6.671,6.0,22.8,18.0,19.434825,1,16,23,24.78,2.16,4.65,0.4697999999999992,0.981,19,27
3,Small,18,8,4.0,11,7.187,4.0,15.2,12.0,3.42945,3,18,23,8.91,3.58,4.62,0.46574999999999916,0.969,23,28
5,Truck,16,10,17.5,7,9.674,17.5,66.5,52.5,2.426175,3,16,23,16.66,2.03,4.68,0.40905,0.971,23,27
3,Small,19,8,4.0,3,10.032,4.0,15.2,12.0,18.696825,1,19,23,43.31,2.63,4.77,0.47790000000000005,0.991,22,27
1,Truck,18,11,17.5,3,10.394,17.5,66.5,52.5,3.42945,3,18,23,29.3,3.23,4.73,0.49815,0.989,21,29
5,SUV,21,10,13.5,7,11.899,13.5,51.3,40.5,5.4774,1,21,23,40.19,3.01,4.61,0.39690000000000003,0.992,21,29
4,Small,19,9,5.0,3,12.332,4.0,15.2,11.0,0.685125,2,5,7,26.42,1.88,4.7,0.36854999999999993,0.98,20,30
5,Sedan,18,9,6.0,7,4.336,6.0,22.8,18.0,1.33605,2,7,17,10.44,2.88,4.72,0.405,0.967,21,27
5,Small,16,11,5.0,11,12.503,4.0,15.2,11.0,13.009950000000002,2,9,15,10.4,1.02,4.62,0.4131,0.91,22,28
5,Sedan,18,11,6.0,3,14.026,6.0,22.8,18.0,1.33605,3,5,9,18.84,0.68,4.78,0.38475,0.925,20,31
3,Sedan,18,11,6.0,11,9.123,6.0,22.8,18.0,5.4774,2,18,23,8.14,1.39,4.77,0.41715,0.915,19,31
1,Sedan,21,7,6.0,7,4.425,6.0,22.8,18.0,19.434825,1,5,20,29.34,2.66,4.61,0.36449999999999994,0.987,22,28
4,Sedan,20,8,6.0,7,12.59,6.0,22.8,18.0,5.4774,3,3,6,12.63,1.86,4.79,0.45764999999999917,0.958,19,31
4,Small,21,9,5.0,7,13.334,4.0,15.2,11.0,5.4774,1,21,23,28.24,2.57,4.77,0.44145,0.986,19,28
5,SUV,19,8,13.5,11,13.963,13.5,51.3,40.5,3.42945,2,6,8,36.4,1.71,4.69,0.46574999999999916,0.984,22,30
5,Small,22,9,4.0,3,5.697,4.0,15.2,12.0,5.4774,2,1,7,43.42,0.68,4.77,0.43335,0.967,19,27
5,Sedan,16,10,6.0,3,8.216,6.0,22.8,18.0,18.696825,3,16,23,21.32,3.07,4.8,0.4697999999999992,0.985,22,28
5,Truck,18,11,17.5,11,17.247,17.5,66.5,52.5,2.426175,2,6,9,10.91,2.82,4.66,0.37259999999999993,0.968,22,29
2,SUV,19,8,13.5,11,10.472,13.5,51.3,40.5,0.685125,3,5,8,45.36,3.22,4.75,0.4536000000000001,0.993,21,27
3,Sedan,17,9,6.0,3,7.434,6.0,22.8,18.0,0.685125,3,7,16,28.29,3.56,4.66,0.41715,0.99,23,31
3,Sedan,17,11,6.0,7,14.338,6.0,22.8,18.0,0.685125,2,5,9,46.64,3.36,4.6,0.50625,0.994,19,31
4,Sedan,18,8,6.0,7,14.074,6.0,22.8,18.0,2.426175,3,2,6,29.1,1.29,4.76,0.49410000000000004,0.974,22,30
2,Sedan,16,8,6.0,7,11.638,6.0,22.8,18.0,2.426175,2,6,15,12.57,1.08,4.72,0.46574999999999916,0.929,23,27
2,Small,19,11,5.0,7,14.301,4.0,15.2,11.0,5.4774,1,9,18,17.63,3.1,4.75,0.45764999999999917,0.982,19,30
2,Small,19,10,4.0,11,7.994,4.0,15.2,12.0,0.685125,2,19,23,39.34,2.92,4.76,0.5022000000000001,0.991,21,30
5,Small,16,10,4.0,7,8.909,4.0,15.2,12.0,2.426175,2,8,10,24.75,2.49,4.76,0.4374,0.984,23,29
5,SUV,18,11,13.5,11,17.529,13.5,51.3,40.5,2.426175,1,9,17,13.3,0.54,4.72,0.3807,0.87,20,29
2,Small,21,11,4.0,11,10.43,4.0,15.2,12.0,19.434825,2,4,9,33.09,1.39,4.72,0.41715,0.978,23,28
2,Truck,19,8,17.5,11,9.647,17.5,66.5,52.5,5.4774,1,6,18,22.46,1.86,4.66,0.3888,0.976,22,31
5,Sedan,19,9,6.0,3,9.263,6.0,22.8,18.0,18.696825,1,19,23,26.52,1.67,4.65,0.4374,0.978,22,27
1,SUV,17,10,13.5,11,10.165,13.5,51.3,40.5,2.426175,2,8,16,6.75,1.24,4.66,0.4697999999999992,0.887,21,29
4,Small,21,8,4.0,3,10.094,4.0,15.2,12.0,13.009950000000002,2,6,20,14.75,3.44,4.7,0.4697999999999992,0.98,19,27
3,SUV,20,7,13.5,7,11.08,13.5,51.3,40.5,5.4774,2,20,23,31.78,2.4,4.6,0.4293,0.987,22,31
1,Sedan,17,11,7.0,3,15.646,6.0,22.8,17.0,18.696825,2,17,23,37.8,3.16,4.66,0.4212,0.992,23,30
2,Truck,18,10,17.5,3,10.058,17.5,66.5,52.5,19.434825,2,8,17,42.2,2.02,4.72,0.48600000000000004,0.988,21,30
3,Small,20,10,4.0,7,10.929,4.0,15.2,12.0,2.426175,2,20,23,48.25,3.4,4.79,0.43335,0.994,22,29
1,Sedan,21,11,7.0,7,16.697,6.0,22.8,17.0,3.42945,1,21,23,30.09,0.75,4.75,0.44955,0.957,22,28
5,Small,18,9,4.0,3,10.312,4.0,15.2,12.0,18.696825,1,7,17,45.32,3.0,4.69,0.38475,0.993,22,30
2,Small,21,12,4.0,11,4.332,4.0,15.2,12.0,3.42945,1,10,11,25.59,2.87,4.71,0.5022000000000001,0.986,22,28
2,SUV,18,8,13.5,11,13.967,13.5,51.3,40.5,3.42945,2,6,8,40.76,3.16,4.79,0.44145,0.992,19,28
2,Small,17,10,4.0,11,9.247,4.0,15.2,12.0,18.696825,3,8,16,9.95,0.82,4.61,0.40905,0.885,21,27
3,Small,19,8,4.0,11,10.892,4.0,15.2,12.0,18.696825,1,6,18,46.35,0.58,4.69,0.43335,0.963,19,30
5,Sedan,16,11,6.0,3,9.834,6.0,22.8,18.0,1.33605,2,16,23,28.78,0.62,4.71,0.4293,0.945,19,31
3,Truck,18,11,17.5,7,4.213,17.5,66.5,52.5,2.426175,2,4,9,46.44,1.13,4.61,0.39285000000000003,0.981,22,29
3,Sedan,19,8,6.0,7,13.052,6.0,22.8,18.0,0.685125,1,19,23,21.13,3.37,4.66,0.48195,0.986,23,30
4,Small,19,9,7.0,11,17.197,4.0,15.2,9.0,2.426175,3,5,8,14.63,1.81,4.65,0.42524999999999996,0.963,21,30
5,Sedan,17,10,6.0,11,8.626,6.0,22.8,18.0,1.33605,2,2,8,18.14,3.4,4.7,0.3888,0.984,20,27
5,Small,20,10,4.0,3,6.195,4.0,15.2,12.0,13.009950000000002,3,20,23,12.51,1.15,4.78,0.37664999999999993,0.933,23,30
2,Sedan,19,8,6.0,7,9.541,6.0,22.8,18.0,0.685125,1,19,23,30.89,1.19,4.71,0.48600000000000004,0.973,20,30
1,SUV,17,9,13.5,3,6.282,13.5,51.3,40.5,2.426175,1,7,16,39.82,3.24,4.61,0.38475,0.992,19,27
2,Truck,20,8,17.5,3,8.549,17.5,66.5,52.5,0.685125,2,6,19,44.35,2.84,4.72,0.3807,0.992,20,27
1,Sedan,18,7,6.0,7,14.797,6.0,22.8,18.0,18.696825,1,18,23,14.09,2.26,4.7,0.37259999999999993,0.969,22,28
2,Small,22,8,5.0,3,13.386,4.0,15.2,11.0,13.009950000000002,3,4,7,40.71,2.31,4.66,0.37664999999999993,0.989,20,27
4,Sedan,17,11,6.0,3,6.602,6.0,22.8,18.0,13.009950000000002,3,17,23,39.12,0.89,4.64,0.4374,0.972,19,28
2,Small,16,7,5.0,11,12.665,4.0,15.2,11.0,2.426175,1,5,15,7.13,1.83,4.77,0.4697999999999992,0.926,20,30
3,Small,17,10,5.0,3,13.287,4.0,15.2,11.0,3.42945,1,17,23,20.65,1.41,4.68,0.4212,0.966,21,31
1,Sedan,20,11,6.0,7,11.882,6.0,22.8,18.0,1.33605,1,9,19,17.5,2.4,4.68,0.46574999999999916,0.976,22,27
5,Small,21,11,4.0,11,7.21,4.0,15.2,12.0,19.434825,1,9,20,20.57,1.28,4.77,0.4131,0.963,21,28
2,Small,18,9,4.0,7,7.317,4.0,15.2,12.0,13.009950000000002,3,18,23,29.48,3.39,4.68,0.41715,0.99,23,29
4,Small,20,10,4.0,3,5.922,4.0,15.2,12.0,3.42945,2,20,23,9.42,2.33,4.77,0.48600000000000004,0.955,21,28
4,Sedan,18,7,6.0,7,10.153,6.0,22.8,18.0,18.696825,3,5,17,40.92,3.07,4.77,0.3888,0.992,23,31
1,Small,16,8,5.0,3,13.79,4.0,15.2,11.0,0.685125,1,6,15,14.77,2.01,4.63,0.36854999999999993,0.967,22,28
1,SUV,21,10,13.5,3,6.502,13.5,51.3,40.5,2.426175,1,8,9,19.68,3.02,4.7,0.3807,0.983,21,27
4,Sedan,20,7,6.0,11,10.001,6.0,22.8,18.0,13.009950000000002,3,5,19,17.13,2.83,4.66,0.45764999999999917,0.98,23,30
2,Small,18,11,4.0,11,3.348,4.0,15.2,12.0,1.33605,1,9,17,41.64,1.59,4.65,0.49005,0.985,19,28
3,Small,17,11,4.0,11,7.941,4.0,15.2,12.0,2.426175,1,9,16,34.72,3.47,4.8,0.39285000000000003,0.992,19,29
5,Sedan,17,8,6.0,3,7.232,6.0,22.8,18.0,5.4774,1,1,6,15.99,2.52,4.77,0.41715,0.975,19,27
3,Sedan,20,10,6.0,7,7.959,6.0,22.8,18.0,13.009950000000002,3,20,23,15.04,1.65,4.62,0.4212,0.961,23,29
5,Small,18,9,5.0,3,12.262,4.0,15.2,11.0,19.434825,1,18,23,45.78,0.87,4.8,0.39690000000000003,0.975,22,27
2,Sedan,16,12,6.0,3,7.634,6.0,22.8,18.0,0.685125,3,10,15,41.26,3.21,4.79,0.39285000000000003,0.992,21,31
1,Truck,18,8,17.5,3,9.441,17.5,66.5,52.5,5.4774,2,3,6,40.84,2.39,4.76,0.4131,0.99,19,29
5,SUV,18,11,13.5,3,7.626,13.5,51.3,40.5,18.696825,1,18,23,25.47,0.89,4.78,0.47790000000000005,0.957,20,29
5,Small,19,9,5.0,11,14.137,4.0,15.2,11.0,19.434825,3,19,23,6.81,1.9,4.6,0.37259999999999993,0.926,22,29
4,Small,19,10,5.0,11,13.427,4.0,15.2,11.0,3.42945,1,8,9,25.3,1.43,4.66,0.4131,0.973,20,27
4,Sedan,18,8,6.0,7,3.826,6.0,22.8,18.0,18.696825,3,18,23,8.47,2.06,4.78,0.48600000000000004,0.944,19,28
4,Small,19,10,4.0,3,11.717,4.0,15.2,12.0,0.685125,1,8,18,11.05,2.65,4.63,0.44145,0.966,23,29
5,Small,17,9,4.0,3,6.44,4.0,15.2,12.0,5.4774,2,17,23,7.31,2.96,4.78,0.5022000000000001,0.955,23,29
3,SUV,20,11,13.5,7,8.942,13.5,51.3,40.5,3.42945,1,20,23,32.77,1.67,4.64,0.38475,0.982,19,31
3,Small,19,10,5.0,3,13.088,4.0,15.2,11.0,2.426175,3,19,23,42.65,3.09,4.7,0.47790000000000005,0.992,19,29
1,SUV,20,10,13.5,11,9.686,13.5,51.3,40.5,13.009950000000002,1,3,8,21.91,1.23,4.73,0.4131,0.964,22,31
3,Sedan,17,10,8.0,11,18.641,6.0,22.8,16.0,3.42945,3,8,16,18.8,1.56,4.64,0.4616999999999992,0.966,19,28
1,Small,20,10,4.0,11,6.55,4.0,15.2,12.0,13.009950000000002,1,20,23,47.72,0.92,4.61,0.4212,0.977,22,28
2,Truck,20,10,17.5,3,11.416,17.5,66.5,52.5,19.434825,3,8,19,36.99,0.91,4.75,0.3888,0.971,22,31
4,Truck,20,8,17.5,7,5.234,17.5,66.5,52.5,13.009950000000002,2,20,23,38.43,0.92,4.71,0.46574999999999916,0.972,20,27
1,Truck,17,9,17.5,7,8.906,17.5,66.5,52.5,1.33605,2,7,16,15.52,2.96,4.68,0.41715,0.978,19,30
2,Small,22,8,4.0,7,11.134,4.0,15.2,12.0,18.696825,3,6,21,46.26,0.59,4.8,0.4697999999999992,0.964,19,27
4,Small,20,10,4.0,7,8.99,4.0,15.2,12.0,18.696825,3,2,8,7.61,3.49,4.68,0.5022000000000001,0.963,21,27
4,SUV,21,10,13.5,7,14.655,13.5,51.3,40.5,1.33605,3,8,20,14.44,3.55,4.76,0.41715,0.981,23,31
5,Small,16,9,4.0,11,8.676,4.0,15.2,12.0,2.426175,3,16,23,30.07,1.43,4.76,0.49005,0.977,20,27
4,Small,18,8,4.0,11,11.572,4.0,15.2,12.0,1.33605,1,6,17,26.28,2.55,4.7,0.39690000000000003,0.985,20,27
4,SUV,17,9,13.5,11,9.668,13.5,51.3,40.5,18.696825,2,7,16,22.14,2.23,4.62,0.4455,0.98,21,27
1,Sedan,19,9,6.0,3,8.963,6.0,22.8,18.0,0.685125,3,4,7,26.56,3.13,4.66,0.4697999999999992,0.988,20,31
4,SUV,16,10,13.5,7,8.186,13.5,51.3,40.5,2.426175,3,1,8,16.67,3.49,4.8,0.4212,0.983,22,30
5,Small,18,8,5.0,3,11.887,4.0,15.2,11.0,0.685125,1,2,6,48.96,2.23,4.77,0.5022000000000001,0.991,23,29
3,Small,19,8,4.0,11,10.287,4.0,15.2,12.0,13.009950000000002,3,6,18,16.12,3.47,4.7,0.4697999999999992,0.982,21,28
2,Small,18,9,4.0,3,10.602,4.0,15.2,12.0,2.426175,1,18,23,28.72,2.23,4.74,0.4212,0.985,21,30
2,SUV,16,11,13.5,11,9.696,13.5,51.3,40.5,5.4774,1,16,23,37.73,1.27,4.74,0.37664999999999993,0.979,23,30
3,Small,17,9,4.0,7,10.328,4.0,15.2,12.0,19.434825,1,7,16,47.01,2.32,4.6,0.40095000000000003,0.991,20,28
1,Sedan,17,11,6.0,11,10.334,6.0,22.8,18.0,2.426175,1,3,9,33.14,0.51,4.76,0.4293,0.943,20,27
4,Small,18,11,4.0,3,9.726,4.0,15.2,12.0,0.685125,3,2,9,40.99,1.84,4.65,0.42524999999999996,0.987,19,29
2,Small,17,9,4.0,3,8.959,4.0,15.2,12.0,0.685125,1,17,23,19.27,0.81,4.7,0.49410000000000004,0.938,20,28
1,Small,20,7,4.0,3,8.511,4.0,15.2,12.0,3.42945,1,20,23,13.21,1.12,4.8,0.39690000000000003,0.935,21,28
4,Sedan,18,8,6.0,7,10.828,6.0,22.8,18.0,19.434825,2,18,23,42.32,3.5,4.63,0.40905,0.993,21,29
1,Small,21,10,4.0,11,3.331,4.0,15.2,12.0,19.434825,3,8,20,42.49,1.39,4.75,0.48600000000000004,0.983,20,27
5,Truck,17,9,17.5,3,16.366,17.5,66.5,52.5,18.696825,1,7,16,11.25,1.16,4.71,0.4697999999999992,0.926,19,30
3,Small,17,9,5.0,11,12.155,4.0,15.2,11.0,18.696825,3,7,16,44.18,3.09,4.72,0.4536000000000001,0.993,19,29
4,Sedan,17,9,6.0,3,10.694,6.0,22.8,18.0,5.4774,2,4,7,11.15,2.48,4.69,0.5022000000000001,0.964,23,28
3,Small,20,8,4.0,11,5.446,4.0,15.2,12.0,1.33605,1,6,19,35.37,1.11,4.72,0.4697999999999992,0.975,22,29
5,Sedan,21,11,6.0,3,12.346,6.0,22.8,18.0,18.696825,1,9,20,47.06,2.07,4.67,0.4616999999999992,0.99,20,27
5,SUV,17,9,13.5,11,9.222,13.5,51.3,40.5,13.009950000000002,2,6,8,35.35,1.11,4.6,0.39690000000000003,0.975,21,31
3,SUV,16,11,13.5,7,10.558,13.5,51.3,40.5,1.33605,1,8,9,13.99,3.05,4.73,0.3807,0.977,19,29
4,Small,19,9,4.0,3,11.613,4.0,15.2,12.0,19.434825,1,19,23,38.49,2.66,4.78,0.42524999999999996,0.99,19,29
3,Small,19,11,4.0,7,4.976,4.0,15.2,12.0,0.685125,3,19,23,27.7,2.91,4.69,0.3888,0.988,19,28
2,Sedan,19,8,6.0,7,8.387,6.0,22.8,18.0,1.33605,1,3,6,15.47,2.62,4.74,0.48600000000000004,0.976,21,29
1,SUV,18,9,13.5,3,5.829,13.5,51.3,40.5,2.426175,1,18,23,27.74,2.16,4.78,0.37664999999999993,0.983,23,30
5,Small,20,11,4.0,3,11.287,4.0,15.2,12.0,3.42945,3,9,19,15.17,1.97,4.76,0.405,0.967,19,31
2,Sedan,17,10,6.0,11,4.612,6.0,22.8,18.0,18.696825,1,1,8,20.63,2.39,4.62,0.4697999999999992,0.98,22,27
2,Sedan,19,8,6.0,11,11.838,6.0,22.8,18.0,0.685125,3,6,18,37.01,3.54,4.73,0.44145,0.992,21,31
3,Sedan,19,8,6.0,7,12.936,6.0,22.8,18.0,0.685125,3,6,18,20.37,1.5,4.77,0.44955,0.968,21,27
1,Small,21,9,5.0,7,11.944,4.0,15.2,11.0,3.42945,2,7,20,46.62,1.86,4.67,0.38475,0.989,21,29
3,SUV,18,11,13.5,7,14.061,13.5,51.3,40.5,3.42945,2,18,23,15.6,1.57,4.66,0.37664999999999993,0.96,21,30
1,SUV,19,9,13.5,7,9.032,13.5,51.3,40.5,18.696825,1,7,18,49.48,1.13,4.75,0.4536000000000001,0.982,21,27
4,Small,16,9,6.0,3,16.419,4.0,15.2,10.0,5.4774,3,16,23,10.85,3.39,4.61,0.36854999999999993,0.973,21,27
3,Sedan,19,10,6.0,7,12.56,6.0,22.8,18.0,2.426175,1,19,23,24.35,1.22,4.69,0.37664999999999993,0.967,21,27
2,Sedan,20,11,6.0,11,11.334,6.0,22.8,18.0,3.42945,3,9,19,45.69,2.35,4.78,0.4374,0.991,23,31
3,Small,17,9,4.0,11,9.294,4.0,15.2,12.0,3.42945,3,7,16,33.41,3.47,4.64,0.4212,0.991,20,31
5,Sedan,18,12,6.0,7,10.519,6.0,22.8,18.0,3.42945,3,10,17,17.9,2.95,4.68,0.39690000000000003,0.981,19,31
5,Sedan,20,10,6.0,3,12.085,6.0,22.8,18.0,0.685125,3,20,23,29.21,2.14,4.77,0.4616999999999992,0.984,23,27
3,Sedan,19,9,6.0,11,6.548,6.0,22.8,18.0,18.696825,1,7,18,48.99,1.84,4.68,0.49410000000000004,0.989,20,29
4,SUV,18,10,13.5,3,13.861,13.5,51.3,40.5,3.42945,1,5,8,20.53,1.3,4.77,0.4697999999999992,0.963,19,31
1,Small,17,8,4.0,3,10.52,4.0,15.2,12.0,18.696825,3,6,16,24.44,0.87,4.64,0.4697999999999992,0.954,23,29
1,Sedan,22,7,6.0,3,3.628,6.0,22.8,18.0,13.009950000000002,1,5,21,9.45,1.79,4.63,0.47384999999999916,0.943,21,29
4,Sedan,19,7,6.0,7,14.657,6.0,22.8,18.0,1.33605,1,5,18,13.93,1.61,4.65,0.39690000000000003,0.956,20,29
1,Sedan,18,10,6.0,3,1.241,6.0,22.8,18.0,1.33605,1,18,23,39.1,2.58,4.69,0.41715,0.99,20,28
4,Sedan,18,8,6.0,3,10.208,6.0,22.8,18.0,3.42945,3,6,17,16.45,1.79,4.78,0.37664999999999993,0.967,23,29
2,Small,17,9,5.0,3,13.346,4.0,15.2,11.0,2.426175,2,17,23,12.57,2.6,4.71,0.41715,0.97,23,27
3,Sedan,20,11,6.0,3,9.029,6.0,22.8,18.0,0.685125,1,20,23,35.55,2.95,4.78,0.47384999999999916,0.991,22,29
3,Truck,18,8,17.5,11,7.38,17.5,66.5,52.5,3.42945,2,6,17,45.34,3.1,4.8,0.42524999999999996,0.993,21,31
3,Small,19,12,7.0,11,19.083,4.0,15.2,9.0,18.696825,3,10,18,7.49,1.16,4.75,0.47790000000000005,0.891,19,29
2,Sedan,18,11,6.0,11,12.578,6.0,22.8,18.0,0.685125,1,18,23,37.09,2.06,4.75,0.3807,0.987,23,31
4,Truck,21,8,17.5,3,10.602,17.5,66.5,52.5,13.009950000000002,1,21,23,38.87,1.07,4.73,0.37664999999999993,0.976,20,31
3,SUV,20,10,13.5,7,9.917,13.5,51.3,40.5,2.426175,3,1,8,32.62,1.31,4.65,0.38475,0.977,21,31
3,Sedan,22,8,6.0,7,9.81,6.0,22.8,18.0,5.4774,1,6,21,49.08,2.48,4.65,0.4536000000000001,0.992,22,28
4,Small,17,10,4.0,11,9.663,4.0,15.2,12.0,18.696825,2,8,16,41.63,2.48,4.66,0.42524999999999996,0.99,22,27
2,Sedan,20,8,6.0,7,9.907,6.0,22.8,18.0,1.33605,2,6,8,26.67,2.34,4.7,0.47384999999999916,0.984,22,28
2,SUV,19,9,13.5,3,14.283,13.5,51.3,40.5,5.4774,3,7,10,27.96,2.47,4.7,0.4455,0.986,22,28
5,SUV,20,10,13.5,3,14.755,13.5,51.3,40.5,13.009950000000002,3,20,23,24.04,2.55,4.62,0.3807,0.984,19,30
2,SUV,21,10,13.5,11,11.427,13.5,51.3,40.5,2.426175,3,8,20,22.24,0.99,4.6,0.46574999999999916,0.956,22,28
1,Small,17,9,4.0,7,9.344,4.0,15.2,12.0,5.4774,1,17,23,22.74,1.61,4.73,0.44955,0.973,19,30
4,SUV,19,10,13.5,11,11.047,13.5,51.3,40.5,5.4774,2,8,18,30.0,2.74,4.65,0.4131,0.988,21,31
5,Small,16,9,4.0,7,5.787,4.0,15.2,12.0,3.42945,3,16,23,29.45,1.53,4.67,0.49815,0.978,20,28
3,Sedan,17,10,6.0,11,14.617,6.0,22.8,18.0,1.33605,1,8,16,36.62,2.25,4.77,0.41715,0.988,21,31
3,Small,18,9,5.0,11,13.961,4.0,15.2,11.0,1.33605,2,18,23,15.63,1.11,4.78,0.49815,0.944,21,28
4,Small,20,10,5.0,11,13.853,4.0,15.2,11.0,5.4774,1,20,23,41.82,2.82,4.74,0.44955,0.992,22,29
5,Small,19,7,4.0,3,4.164,4.0,15.2,12.0,5.4774,3,5,18,18.31,1.71,4.78,0.46574999999999916,0.969,20,27
5,Small,20,9,4.0,3,7.377,4.0,15.2,12.0,0.685125,3,3,7,16.02,2.89,4.72,0.37259999999999993,0.979,22,28
5,Small,19,12,4.0,11,11.102,4.0,15.2,12.0,19.434825,2,7,10,20.69,1.69,4.75,0.3888,0.972,21,29
3,Small,17,9,4.0,11,9.466,4.0,15.2,12.0,13.009950000000002,3,7,16,47.23,3.06,4.72,0.40095000000000003,0.993,23,31
3,Small,18,9,4.0,3,2.013,4.0,15.2,12.0,3.42945,3,7,17,37.19,1.05,4.67,0.36449999999999994,0.975,20,28
1,Sedan,18,11,6.0,11,4.663,6.0,22.8,18.0,19.434825,1,1,9,35.66,3.47,4.68,0.405,0.992,22,28
4,Small,19,7,4.0,7,11.798,4.0,15.2,12.0,1.33605,2,5,18,29.74,0.91,4.73,0.49410000000000004,0.964,20,30
1,SUV,16,10,13.5,11,14.133,13.5,51.3,40.5,19.434825,2,2,8,41.54,3.3,4.69,0.36449999999999994,0.993,20,29
2,Truck,18,8,17.5,11,10.348,17.5,66.5,52.5,18.696825,2,18,23,8.02,0.61,4.65,0.37259999999999993,0.815,23,29
3,Small,18,11,6.0,3,14.694,4.0,15.2,10.0,18.696825,2,2,9,46.05,1.03,4.7,0.50625,0.979,23,30
5,SUV,17,8,13.5,11,8.239,13.5,51.3,40.5,13.009950000000002,2,17,23,36.96,1.8,4.68,0.3888,0.985,23,30
1,Truck,21,9,17.5,7,17.99,17.5,66.5,52.5,19.434825,2,21,23,27.21,2.95,4.64,0.37664999999999993,0.988,23,30
5,Truck,19,9,17.5,7,14.841,17.5,66.5,52.5,19.434825,1,7,18,49.37,2.81,4.77,0.4697999999999992,0.993,21,31
5,Sedan,18,9,6.0,11,12.435,6.0,22.8,18.0,5.4774,1,1,7,14.36,3.28,4.63,0.49005,0.979,23,28
3,Small,22,7,5.0,11,13.749,4.0,15.2,11.0,5.4774,1,22,23,13.16,2.75,4.66,0.39690000000000003,0.973,19,27
4,Small,20,11,4.0,7,5.182,4.0,15.2,12.0,19.434825,2,1,9,14.84,0.88,4.74,0.5022000000000001,0.926,22,27
2,Truck,16,7,17.5,7,8.88,17.5,66.5,52.5,0.685125,1,5,15,31.14,3.16,4.63,0.4374,0.99,21,30
5,Small,21,11,4.0,11,9.643,4.0,15.2,12.0,3.42945,1,9,20,48.71,2.2,4.65,0.48195,0.991,22,30
4,Sedan,18,9,6.0,7,13.161,6.0,22.8,18.0,2.426175,1,18,23,26.9,1.43,4.64,0.3807,0.974,22,27
5,Sedan,18,9,6.0,3,14.675,6.0,22.8,18.0,0.685125,1,7,17,14.83,1.41,4.74,0.43335,0.953,22,27
5,Truck,18,10,17.5,7,3.825,17.5,66.5,52.5,13.009950000000002,2,8,10,30.57,2.75,4.66,0.39285000000000003,0.988,20,27
1,SUV,17,7,13.5,3,8.678,13.5,51.3,40.5,19.434825,2,17,23,38.32,0.67,4.69,0.47790000000000005,0.962,19,31
2,Sedan,17,8,6.0,3,5.737,6.0,22.8,18.0,19.434825,1,6,16,10.4,1.67,4.7,0.4455,0.944,23,28
3,Sedan,17,9,7.0,11,16.456,6.0,22.8,17.0,13.009950000000002,1,7,16,12.27,2.05,4.67,0.47790000000000005,0.961,19,27
1,SUV,20,12,13.5,7,19.712,13.5,51.3,40.5,0.685125,2,10,19,49.04,0.77,4.75,0.45764999999999917,0.974,22,30
2,Small,17,10,6.0,7,15.493,4.0,15.2,10.0,3.42945,3,17,23,20.15,1.5,4.79,0.43335,0.967,23,27
4,Small,18,8,5.0,3,14.302,4.0,15.2,11.0,0.685125,2,18,23,7.98,0.74,4.78,0.3888,0.844,22,27
4,Small,19,8,4.0,7,8.867,4.0,15.2,12.0,2.426175,2,19,23,47.67,1.01,4.66,0.42524999999999996,0.979,23,30
5,Sedan,20,9,6.0,7,10.705,6.0,22.8,18.0,1.33605,2,2,7,49.2,1.96,4.73,0.36854999999999993,0.99,21,31
3,Sedan,18,10,6.0,7,3.732,6.0,22.8,18.0,0.685125,2,8,17,48.26,2.77,4.67,0.39690000000000003,0.993,20,27
1,Small,22,8,4.0,7,7.238,4.0,15.2,12.0,5.4774,3,4,7,17.91,1.61,4.78,0.46574999999999916,0.966,20,31
2,Small,21,7,4.0,11,10.152,4.0,15.2,12.0,18.696825,3,5,8,9.56,0.98,4.77,0.50625,0.899,22,29
3,Small,17,11,4.0,7,6.872,4.0,15.2,12.0,1.33605,2,9,16,7.06,2.87,4.66,0.50625,0.952,20,30
1,Sedan,17,10,6.0,3,13.552,6.0,22.8,18.0,13.009950000000002,1,3,8,17.99,3.19,4.78,0.4374,0.983,23,29
5,Small,19,10,4.0,7,9.779,4.0,15.2,12.0,0.685125,3,7,10,22.55,3.43,4.74,0.37259999999999993,0.987,23,27
5,Small,16,8,5.0,11,12.454,4.0,15.2,11.0,5.4774,2,6,15,16.41,2.91,4.6,0.46574999999999916,0.979,19,27
5,Sedan,19,10,6.0,3,15.082,6.0,22.8,18.0,3.42945,2,7,9,39.36,1.2,4.79,0.37664999999999993,0.979,19,28
3,SUV,17,8,13.5,3,7.038,13.5,51.3,40.5,3.42945,2,1,6,25.22,1.11,4.78,0.50625,0.965,22,29
1,SUV,17,9,13.5,7,11.373,13.5,51.3,40.5,1.33605,1,7,16,21.34,3.58,4.65,0.4131,0.987,23,29
2,SUV,19,9,13.5,7,7.596,13.5,51.3,40.5,18.696825,3,2,7,34.56,2.83,4.62,0.44145,0.99,19,30
1,SUV,18,9,13.5,7,13.735,13.5,51.3,40.5,1.33605,1,18,23,12.42,1.96,4.61,0.4536000000000001,0.96,21,31
3,Sedan,17,11,6.0,11,9.287,6.0,22.8,18.0,19.434825,2,4,9,29.62,3.27,4.67,0.43335,0.99,21,30
5,Sedan,17,11,6.0,3,5.033,6.0,22.8,18.0,0.685125,3,9,16,45.61,1.41,4.65,0.4616999999999992,0.985,20,28
4,SUV,16,8,13.5,3,12.338,13.5,51.3,40.5,18.696825,3,5,8,26.29,2.7,4.75,0.40095000000000003,0.986,19,31
2,Small,18,8,4.0,11,7.883,4.0,15.2,12.0,5.4774,1,6,17,39.8,0.71,4.69,0.47790000000000005,0.965,21,27
2,Sedan,19,7,6.0,3,12.805,6.0,22.8,18.0,0.685125,2,1,5,25.69,2.83,4.68,0.44145,0.986,22,31
1,Small,18,9,8.0,11,20.046,4.0,15.2,8.0,2.426175,3,18,23,28.5,3.13,4.63,0.4697999999999992,0.989,19,31
5,Small,20,9,5.0,3,13.975,4.0,15.2,11.0,19.434825,3,20,23,28.79,2.16,4.72,0.49815,0.984,21,31
1,Sedan,21,8,6.0,11,10.225,6.0,22.8,18.0,5.4774,3,6,9,33.73,3.34,4.74,0.44955,0.991,20,28
3,Sedan,18,12,6.0,11,8.299,6.0,22.8,18.0,13.009950000000002,2,10,12,23.28,0.96,4.61,0.48600000000000004,0.956,22,30
4,Truck,17,8,17.5,7,8.41,17.5,66.5,52.5,0.685125,3,17,23,18.81,3.32,4.69,0.41715,0.984,22,27
1,Sedan,21,8,6.0,3,8.234,6.0,22.8,18.0,2.426175,1,6,20,15.44,0.53,4.73,0.45764999999999917,0.885,19,30
5,Small,17,7,4.0,3,5.572,4.0,15.2,12.0,0.685125,3,5,16,23.57,2.73,4.71,0.45764999999999917,0.985,21,28
4,Sedan,20,9,6.0,7,7.924,6.0,22.8,18.0,18.696825,1,7,19,40.78,0.92,4.79,0.41715,0.974,19,28
3,Small,21,8,4.0,11,7.851,4.0,15.2,12.0,13.009950000000002,3,6,9,16.6,0.65,4.64,0.43335,0.911,21,31
3,Small,18,8,4.0,3,11.038,4.0,15.2,12.0,1.33605,3,4,7,10.51,0.71,4.73,0.4131,0.875,21,27
1,Small,19,9,5.0,3,13.415,4.0,15.2,11.0,19.434825,2,1,7,42.41,3.48,4.7,0.49815,0.993,21,27
2,Truck,20,7,17.5,7,9.309,17.5,66.5,52.5,19.434825,3,20,23,23.98,3.13,4.62,0.49815,0.987,23,28
3,Sedan,19,9,6.0,11,5.431,6.0,22.8,18.0,0.685125,3,7,18,6.81,2.6,4.65,0.4455,0.945,23,27
4,SUV,17,11,13.5,7,6.604,13.5,51.3,40.5,13.009950000000002,2,17,23,17.81,1.06,4.68,0.44955,0.948,19,31
1,Truck,19,8,17.5,7,10.833,17.5,66.5,52.5,2.426175,1,19,23,47.8,2.47,4.79,0.40905,0.992,19,30
1,SUV,18,9,13.5,7,13.535,13.5,51.3,40.5,3.42945,3,18,23,33.05,1.99,4.75,0.42524999999999996,0.985,22,29
1,Small,20,10,6.0,11,14.769,4.0,15.2,10.0,5.4774,2,7,9,43.83,0.62,4.8,0.48600000000000004,0.964,21,31
1,Small,18,8,4.0,11,5.416,4.0,15.2,12.0,13.009950000000002,1,18,23,10.35,1.8,4.67,0.48195,0.948,20,29
2,Small,20,9,4.0,3,8.052,4.0,15.2,12.0,0.685125,3,7,19,37.25,2.1,4.6,0.40905,0.987,20,30
1,SUV,17,10,13.5,3,10.457,13.5,51.3,40.5,2.426175,3,8,16,26.75,1.7,4.78,0.4536000000000001,0.978,23,28
3,Small,18,9,4.0,7,6.674,4.0,15.2,12.0,5.4774,1,7,17,9.29,2.43,4.74,0.40905,0.957,23,29
1,Small,17,11,4.0,3,11.25,4.0,15.2,12.0,3.42945,1,17,23,9.01,0.89,4.71,0.45764999999999917,0.883,23,30
2,Sedan,19,10,6.0,3,7.001,6.0,22.8,18.0,0.685125,3,19,23,40.48,2.8,4.77,0.43335,0.991,21,30
4,Sedan,20,9,7.0,7,15.363,6.0,22.8,17.0,0.685125,3,7,19,34.94,1.32,4.75,0.48600000000000004,0.979,22,27
4,Small,21,10,4.0,11,7.852,4.0,15.2,12.0,5.4774,2,8,20,45.91,0.71,4.66,0.37259999999999993,0.97,19,31
1,Sedan,19,10,6.0,7,4.506,6.0,22.8,18.0,0.685125,2,2,8,12.75,0.68,4.68,0.37259999999999993,0.891,20,29
3,Small,18,10,4.0,7,4.76,4.0,15.2,12.0,5.4774,1,18,23,36.63,3.23,4.62,0.46574999999999916,0.992,21,29
3,Sedan,20,8,6.0,11,2.487,6.0,22.8,18.0,13.009950000000002,1,20,23,49.77,3.48,4.63,0.47384999999999916,0.994,22,29
3,Sedan,19,8,6.0,3,3.083,6.0,22.8,18.0,0.685125,3,6,18,26.25,2.23,4.74,0.42524999999999996,0.983,19,28
3,Sedan,20,11,6.0,11,8.364,6.0,22.8,18.0,13.009950000000002,1,6,9,43.29,0.72,4.67,0.45764999999999917,0.968,19,27
5,SUV,19,9,13.5,7,18.48,13.5,51.3,40.5,0.685125,2,2,7,10.38,0.89,4.63,0.48195,0.897,20,27
3,Small,19,12,5.0,7,12.613,4.0,15.2,11.0,0.685125,2,19,23,29.81,2.23,4.78,0.41715,0.985,22,27
5,Sedan,22,8,6.0,7,5.762,6.0,22.8,18.0,2.426175,1,22,23,29.41,3.43,4.72,0.43335,0.99,20,29
3,Sedan,20,8,6.0,3,7.854,6.0,22.8,18.0,5.4774,3,4,7,23.73,2.56,4.75,0.38475,0.984,23,28
2,Sedan,20,9,6.0,3,10.285,6.0,22.8,18.0,2.426175,1,20,23,42.57,3.41,4.61,0.44955,0.993,19,27
2,Sedan,17,9,6.0,11,9.383,6.0,22.8,18.0,13.009950000000002,2,17,23,34.45,3.25,4.64,0.38475,0.991,22,28
2,Small,19,8,4.0,11,10.456,4.0,15.2,12.0,18.696825,1,6,18,26.11,2.69,4.69,0.4212,0.986,21,31
2,Small,20,9,4.0,7,6.772,4.0,15.2,12.0,18.696825,3,7,19,40.44,0.65,4.62,0.49410000000000004,0.963,20,31
1,Sedan,18,11,6.0,7,10.858,6.0,22.8,18.0,2.426175,1,9,17,38.54,2.57,4.77,0.47384999999999916,0.99,19,29
1,Sedan,17,11,6.0,7,12.769,6.0,22.8,18.0,2.426175,2,9,16,14.16,0.78,4.61,0.41715,0.913,22,28
2,Sedan,21,11,6.0,7,8.544,6.0,22.8,18.0,18.696825,1,2,9,46.27,2.92,4.73,0.49815,0.993,19,31
3,SUV,21,8,13.5,7,11.243,13.5,51.3,40.5,2.426175,2,21,23,16.08,2.26,4.79,0.37259999999999993,0.973,22,31
2,Sedan,18,8,6.0,11,12.728,6.0,22.8,18.0,0.685125,1,18,23,37.92,1.68,4.72,0.3888,0.984,20,28
4,SUV,21,11,13.5,11,13.337,13.5,51.3,40.5,1.33605,1,1,9,19.98,3.34,4.78,0.5022000000000001,0.985,22,30
5,Small,19,9,6.0,7,15.321,4.0,15.2,10.0,2.426175,2,7,18,29.0,3.44,4.6,0.4212,0.99,22,29
4,Small,17,8,6.0,3,14.667,4.0,15.2,10.0,19.434825,2,6,16,11.88,1.35,4.7,0.4131,0.94,23,30
5,Sedan,20,10,6.0,3,8.853,6.0,22.8,18.0,18.696825,1,7,8,30.99,1.18,4.74,0.47790000000000005,0.973,23,28
5,Small,17,9,5.0,7,13.022,4.0,15.2,11.0,5.4774,2,7,16,31.49,2.37,4.6,0.46574999999999916,0.987,23,28
5,Small,20,9,5.0,3,13.27,4.0,15.2,11.0,0.685125,3,7,19,44.9,2.63,4.73,0.49815,0.992,23,28
3,Sedan,21,10,6.0,3,6.034,6.0,22.8,18.0,1.33605,2,8,20,38.5,2.34,4.67,0.43335,0.989,20,27
2,Small,21,11,4.0,11,6.264,4.0,15.2,12.0,19.434825,3,1,9,45.83,0.81,4.64,0.43335,0.973,21,30
2,Sedan,17,12,6.0,3,5.457,6.0,22.8,18.0,0.685125,1,10,16,17.26,3.04,4.72,0.49815,0.981,20,27
4,SUV,20,8,13.5,3,12.088,13.5,51.3,40.5,5.4774,1,3,6,38.21,0.88,4.6,0.4212,0.971,19,29
5,SUV,18,8,13.5,11,11.072,13.5,51.3,40.5,2.426175,3,18,23,33.94,2.63,4.73,0.4131,0.989,21,27
2,Sedan,18,11,6.0,7,7.896,6.0,22.8,18.0,19.434825,3,9,17,22.09,1.72,4.61,0.4697999999999992,0.974,22,29
2,Small,16,10,4.0,3,5.276,4.0,15.2,12.0,3.42945,3,16,23,36.65,0.62,4.64,0.3807,0.957,21,27
4,Small,18,8,4.0,11,6.12,4.0,15.2,12.0,0.685125,3,18,23,12.71,2.14,4.67,0.49815,0.964,20,30
2,Sedan,18,10,6.0,11,9.127,6.0,22.8,18.0,18.696825,1,3,8,20.83,3.08,4.67,0.48195,0.985,23,28
4,Small,18,10,6.0,7,14.75,4.0,15.2,10.0,18.696825,3,18,23,42.39,2.65,4.72,0.47384999999999916,0.991,23,29
3,SUV,18,10,13.5,3,3.812,13.5,51.3,40.5,0.685125,2,3,8,36.06,3.4,4.67,0.3888,0.992,22,28
3,Small,19,11,4.0,7,7.499,4.0,15.2,12.0,18.696825,1,9,18,36.11,0.51,4.65,0.48600000000000004,0.947,21,30
2,Small,16,10,4.0,7,8.513,4.0,15.2,12.0,18.696825,3,16,23,14.21,3.1,4.63,0.4131,0.978,20,29
1,Sedan,18,8,6.0,11,6.299,6.0,22.8,18.0,3.42945,2,18,23,37.69,1.29,4.76,0.38475,0.98,20,28
4,Small,19,7,5.0,3,13.077,4.0,15.2,11.0,19.434825,2,19,23,21.49,2.94,4.6,0.48600000000000004,0.984,22,28
4,Small,18,8,6.0,3,14.936,4.0,15.2,10.0,3.42945,1,6,7,21.86,2.51,4.78,0.4536000000000001,0.982,23,29
5,SUV,20,11,13.5,11,10.715,13.5,51.3,40.5,18.696825,1,20,23,22.09,1.84,4.61,0.43335,0.976,22,31
5,Truck,19,10,17.5,3,11.582,17.5,66.5,52.5,3.42945,2,8,18,49.8,1.76,4.69,0.43335,0.989,19,27
4,Small,19,9,4.0,7,10.695,4.0,15.2,12.0,19.434825,3,19,23,33.31,1.12,4.63,0.4374,0.974,22,31
2,Truck,19,9,17.5,7,11.885,17.5,66.5,52.5,0.685125,1,7,18,7.17,0.56,4.71,0.41715,0.78,22,30
3,Truck,20,9,17.5,11,11.171,17.5,66.5,52.5,19.434825,3,2,7,42.79,2.06,4.74,0.37259999999999993,0.989,22,31
1,SUV,17,10,13.5,3,8.032,13.5,51.3,40.5,1.33605,3,6,9,11.29,2.09,4.78,0.38475,0.959,22,29
1,Small,20,9,4.0,11,11.258,4.0,15.2,12.0,3.42945,1,20,23,23.64,3.01,4.74,0.44955,0.986,23,29
4,Truck,19,8,17.5,3,11.833,17.5,66.5,52.5,1.33605,3,6,18,16.39,2.3,4.63,0.4374,0.974,20,30
4,Small,18,11,4.0,11,8.227,4.0,15.2,12.0,18.696825,2,9,17,12.8,1.82,4.61,0.45764999999999917,0.958,19,28
4,Truck,19,9,17.5,3,10.845,17.5,66.5,52.5,13.009950000000002,1,7,18,12.65,0.56,4.66,0.42524999999999996,0.868,22,31
3,Truck,19,10,17.5,7,16.72,17.5,66.5,52.5,3.42945,2,4,8,44.11,1.29,4.63,0.40095000000000003,0.983,22,29
2,Small,19,10,4.0,3,6.808,4.0,15.2,12.0,0.685125,2,19,23,36.14,0.91,4.71,0.3888,0.97,22,31
3,Sedan,17,9,8.0,7,18.964,6.0,22.8,16.0,13.009950000000002,2,17,23,24.88,1.26,4.75,0.39285000000000003,0.969,22,31
4,Small,19,9,5.0,11,14.113,4.0,15.2,11.0,2.426175,1,7,18,43.75,3.38,4.63,0.45764999999999917,0.993,19,27
4,Truck,18,9,17.5,3,9.968,17.5,66.5,52.5,18.696825,1,1,7,30.9,1.25,4.74,0.40905,0.974,20,29
3,Sedan,19,9,6.0,11,7.892,6.0,22.8,18.0,18.696825,1,3,7,43.22,2.86,4.72,0.4536000000000001,0.992,21,30
1,Sedan,20,9,6.0,7,9.371,6.0,22.8,18.0,13.009950000000002,2,5,7,41.91,0.84,4.62,0.46574999999999916,0.972,22,30
4,Sedan,18,10,6.0,11,9.979,6.0,22.8,18.0,2.426175,3,2,8,17.87,1.38,4.75,0.40095000000000003,0.96,23,29
2,Small,18,10,4.0,7,4.539,4.0,15.2,12.0,2.426175,3,8,17,47.43,1.35,4.68,0.38475,0.985,19,27
4,Sedan,17,9,6.0,3,11.521,6.0,22.8,18.0,18.696825,3,6,9,21.92,3.21,4.62,0.44955,0.986,21,29
5,Small,16,9,4.0,3,8.689,4.0,15.2,12.0,18.696825,2,4,7,46.57,2.02,4.72,0.39690000000000003,0.989,22,27
5,Small,20,8,6.0,3,16.269,4.0,15.2,10.0,18.696825,2,6,19,9.35,1.8,4.71,0.44955,0.942,22,30
1,Sedan,20,10,6.0,3,2.474,6.0,22.8,18.0,2.426175,1,6,8,44.48,2.52,4.73,0.48600000000000004,0.991,19,30
3,Small,17,8,4.0,11,7.215,4.0,15.2,12.0,2.426175,3,1,6,16.38,2.69,4.61,0.47384999999999916,0.978,22,28
5,SUV,19,9,13.5,3,12.714,13.5,51.3,40.5,2.426175,2,19,23,26.41,3.19,4.73,0.49410000000000004,0.988,22,27
1,Sedan,22,9,6.0,7,7.467,6.0,22.8,18.0,2.426175,3,7,21,48.89,2.19,4.69,0.405,0.991,23,28
4,Small,19,8,4.0,11,9.85,4.0,15.2,12.0,5.4774,1,6,18,17.87,3.38,4.74,0.3888,0.984,23,29
1,Sedan,17,9,6.0,11,12.965,6.0,22.8,18.0,3.42945,2,2,7,36.07,0.76,4.77,0.46574999999999916,0.964,19,31
5,Sedan,21,9,6.0,3,11.387,6.0,22.8,18.0,0.685125,3,6,9,35.87,1.09,4.71,0.5022000000000001,0.975,22,31
5,Sedan,17,10,6.0,3,4.713,6.0,22.8,18.0,5.4774,3,8,11,38.86,3.6,4.71,0.50625,0.993,19,29
1,Sedan,17,10,6.0,11,11.903,6.0,22.8,18.0,0.685125,2,8,16,18.07,2.04,4.73,0.40095000000000003,0.973,20,28
5,Sedan,19,10,6.0,7,9.594,6.0,22.8,18.0,1.33605,2,8,18,38.61,0.59,4.68,0.4374,0.957,20,29
1,SUV,17,9,13.5,3,9.235,13.5,51.3,40.5,2.426175,2,6,8,15.99,2.83,4.75,0.36854999999999993,0.978,20,31
5,Small,19,8,4.0,7,6.652,4.0,15.2,12.0,3.42945,3,19,23,16.87,1.96,4.65,0.37664999999999993,0.97,20,29
1,SUV,18,12,13.5,11,14.127,13.5,51.3,40.5,5.4774,2,10,17,20.95,1.05,4.79,0.40095000000000003,0.956,23,28
4,Small,20,10,4.0,7,9.933,4.0,15.2,12.0,13.009950000000002,1,8,19,18.45,3.18,4.79,0.49005,0.983,23,31
3,SUV,18,10,13.5,3,5.166,13.5,51.3,40.5,0.685125,2,18,23,15.84,1.68,4.79,0.4536000000000001,0.963,22,30
5,SUV,17,11,13.5,11,14.41,13.5,51.3,40.5,0.685125,2,9,16,44.85,1.72,4.68,0.4212,0.987,21,28
3,Sedan,19,8,6.0,7,10.913,6.0,22.8,18.0,18.696825,1,19,23,19.89,0.56,4.69,0.4212,0.914,23,31
5,Sedan,21,8,6.0,7,9.618,6.0,22.8,18.0,2.426175,1,6,20,11.45,2.0,4.65,0.405,0.957,22,31
1,Sedan,20,8,6.0,11,13.143,6.0,22.8,18.0,19.434825,1,6,19,16.19,3.52,4.78,0.41715,0.983,23,29
1,Truck,20,8,17.5,7,11.562,17.5,66.5,52.5,5.4774,3,20,23,41.94,1.79,4.68,0.36854999999999993,0.987,21,29
4,Sedan,19,8,6.0,11,14.98,6.0,22.8,18.0,18.696825,2,1,6,41.74,1.25,4.7,0.4212,0.981,20,30
4,Truck,18,8,17.5,3,6.076,17.5,66.5,52.5,13.009950000000002,1,6,17,42.94,2.13,4.72,0.44955,0.989,23,31
4,Small,18,10,4.0,11,6.967,4.0,15.2,12.0,0.685125,3,7,10,25.05,2.25,4.65,0.405,0.982,20,31
4,Small,20,9,6.0,7,15.401,4.0,15.2,10.0,2.426175,3,7,19,31.61,2.68,4.73,0.42524999999999996,0.988,19,30
1,Truck,21,9,17.5,7,6.343,17.5,66.5,52.5,5.4774,1,21,23,22.09,2.04,4.69,0.4131,0.978,19,31
2,Sedan,19,7,6.0,7,8.025,6.0,22.8,18.0,19.434825,2,5,18,18.63,3.34,4.61,0.4455,0.984,23,30
4,Small,18,9,4.0,3,10.718,4.0,15.2,12.0,0.685125,2,18,23,21.31,0.67,4.72,0.4697999999999992,0.932,21,29
5,SUV,17,12,13.5,7,5.763,13.5,51.3,40.5,5.4774,3,17,23,42.52,0.67,4.73,0.4536000000000001,0.966,19,30
5,SUV,18,8,13.5,7,7.395,13.5,51.3,40.5,3.42945,1,6,17,21.76,3.34,4.66,0.4374,0.986,21,30
3,Truck,20,11,17.5,7,9.166,17.5,66.5,52.5,19.434825,3,4,9,40.9,1.51,4.64,0.40905,0.984,20,31
3,Truck,21,10,17.5,7,4.514,17.5,66.5,52.5,13.009950000000002,2,4,8,20.61,0.54,4.77,0.4697999999999992,0.914,21,27
5,Sedan,16,10,6.0,11,8.672,6.0,22.8,18.0,3.42945,1,8,15,21.05,2.58,4.61,0.4374,0.982,20,30
4,Small,18,10,4.0,3,7.19,4.0,15.2,12.0,3.42945,3,18,23,19.07,2.98,4.62,0.42524999999999996,0.983,20,31
1,Small,20,9,6.0,7,14.996,4.0,15.2,10.0,3.42945,3,1,7,49.61,1.88,4.64,0.4536000000000001,0.989,20,28
1,Sedan,16,12,6.0,3,5.365,6.0,22.8,18.0,3.42945,2,16,23,32.59,0.91,4.6,0.48195,0.967,22,30
3,Small,19,9,6.0,7,16.255,4.0,15.2,10.0,2.426175,3,7,18,43.59,2.83,4.69,0.4455,0.992,20,29
5,Small,20,9,4.0,7,9.311,4.0,15.2,12.0,0.685125,3,7,10,30.36,2.72,4.75,0.44955,0.988,19,29
4,Small,18,8,5.0,7,13.296,4.0,15.2,11.0,5.4774,3,6,17,36.22,1.9,4.75,0.3888,0.986,22,29
1,Small,17,8,6.0,3,15.138,4.0,15.2,10.0,5.4774,3,17,23,42.98,0.85,4.69,0.4536000000000001,0.973,21,27
2,Small,16,10,6.0,3,14.658,4.0,15.2,10.0,18.696825,2,1,8,13.68,3.51,4.77,0.4616999999999992,0.979,21,29
2,Sedan,19,9,6.0,11,12.101,6.0,22.8,18.0,19.434825,1,1,7,48.54,1.99,4.74,0.40095000000000003,0.99,22,30
3,Sedan,19,10,6.0,3,9.999,6.0,22.8,18.0,13.009950000000002,3,4,8,46.13,2.76,4.76,0.47790000000000005,0.992,23,29
5,Truck,21,8,17.5,3,10.589,17.5,66.5,52.5,3.42945,1,6,20,8.11,3.43,4.76,0.44955,0.965,21,30
3,Sedan,17,10,6.0,11,12.37,6.0,22.8,18.0,3.42945,1,8,16,20.21,1.95,4.7,0.3888,0.975,23,27
4,Small,17,7,4.0,3,6.174,4.0,15.2,12.0,5.4774,1,17,23,23.11,0.82,4.76,0.40905,0.949,21,27
2,Truck,18,10,17.5,3,8.776,17.5,66.5,52.5,0.685125,2,18,23,46.87,3.48,4.61,0.50625,0.994,19,29
1,Truck,19,10,17.5,3,10.565,17.5,66.5,52.5,0.685125,2,8,18,7.27,2.52,4.76,0.46574999999999916,0.947,22,27
2,SUV,16,8,13.5,11,12.95,13.5,51.3,40.5,19.434825,3,16,23,11.92,3.41,4.75,0.42524999999999996,0.976,20,31
5,Sedan,19,10,6.0,11,8.991,6.0,22.8,18.0,18.696825,2,8,18,9.53,1.18,4.71,0.40905,0.915,23,29
3,Truck,17,10,17.5,11,6.081,17.5,66.5,52.5,13.009950000000002,2,17,23,41.81,2.79,4.79,0.41715,0.991,21,31
2,Small,18,9,4.0,7,9.808,4.0,15.2,12.0,18.696825,2,7,17,49.07,1.32,4.7,0.40095000000000003,0.985,21,29
1,Sedan,18,10,6.0,3,1.899,6.0,22.8,18.0,19.434825,3,18,23,9.91,2.97,4.62,0.44955,0.967,22,31
2,SUV,19,10,13.5,3,13.149,13.5,51.3,40.5,2.426175,1,8,18,34.72,2.25,4.78,0.45764999999999917,0.987,22,27
2,Small,18,10,4.0,11,5.224,4.0,15.2,12.0,5.4774,2,8,17,7.34,0.64,4.64,0.38475,0.808,19,29
1,Sedan,22,10,6.0,3,6.541,6.0,22.8,18.0,2.426175,1,22,23,21.46,3.28,4.61,0.37259999999999993,0.986,22,28
4,Sedan,16,7,6.0,7,3.028,6.0,22.8,18.0,1.33605,1,1,5,39.54,1.88,4.79,0.4616999999999992,0.987,20,31
3,Sedan,16,8,6.0,11,9.036,6.0,22.8,18.0,5.4774,2,6,8,42.75,0.78,4.71,0.37664999999999993,0.97,21,28
2,Sedan,17,11,6.0,3,9.959,6.0,22.8,18.0,0.685125,1,17,23,8.46,1.3,4.66,0.40905,0.913,19,29
1,Sedan,18,10,6.0,7,8.592,6.0,22.8,18.0,19.434825,2,8,17,31.92,2.79,4.79,0.4131,0.989,23,28
4,Small,18,9,4.0,11,7.232,4.0,15.2,12.0,0.685125,2,6,8,40.91,2.66,4.78,0.39690000000000003,0.991,21,29
5,SUV,19,8,13.5,7,13.221,13.5,51.3,40.5,18.696825,3,19,23,29.62,0.88,4.67,0.405,0.962,20,29
3,Small,21,9,4.0,11,9.895,4.0,15.2,12.0,18.696825,3,7,20,34.53,1.39,4.66,0.37664999999999993,0.979,20,31
5,SUV,19,10,13.5,3,9.317,13.5,51.3,40.5,19.434825,3,6,9,24.23,2.77,4.71,0.4293,0.985,21,27
1,SUV,18,10,13.5,11,9.772,13.5,51.3,40.5,18.696825,2,8,17,23.96,1.12,4.68,0.4616999999999992,0.963,23,30
5,Small,20,8,4.0,11,4.881,4.0,15.2,12.0,2.426175,3,6,9,14.49,2.25,4.74,0.4536000000000001,0.97,20,31
1,Small,20,8,4.0,11,9.77,4.0,15.2,12.0,2.426175,2,1,6,9.03,2.91,4.79,0.39285000000000003,0.963,19,28
3,Small,18,9,6.0,7,15.091,4.0,15.2,10.0,19.434825,2,18,23,48.66,2.01,4.77,0.40905,0.99,21,27
5,Sedan,22,10,6.0,3,14.896,6.0,22.8,18.0,1.33605,2,8,10,41.5,1.71,4.77,0.5022000000000001,0.986,19,28
4,Truck,20,10,17.5,3,14.583,17.5,66.5,52.5,2.426175,2,20,23,20.29,3.23,4.61,0.45764999999999917,0.985,23,30
5,SUV,19,7,13.5,11,9.823,13.5,51.3,40.5,1.33605,3,5,8,44.03,2.15,4.72,0.36854999999999993,0.989,21,30
5,Small,18,9,4.0,7,7.207,4.0,15.2,12.0,13.009950000000002,1,7,8,10.72,3.12,4.69,0.42524999999999996,0.971,21,28
4,Small,20,9,4.0,3,6.973,4.0,15.2,12.0,5.4774,3,4,7,7.31,3.24,4.78,0.44145,0.959,22,30
3,Sedan,17,10,6.0,11,11.317,6.0,22.8,18.0,19.434825,1,3,8,10.95,0.56,4.73,0.4131,0.85,19,27
3,Small,17,8,4.0,7,7.548,4.0,15.2,12.0,1.33605,1,17,23,16.39,1.95,4.78,0.42524999999999996,0.969,23,31
2,Small,19,8,4.0,3,6.644,4.0,15.2,12.0,3.42945,3,2,6,19.49,2.37,4.66,0.49410000000000004,0.979,23,28
1,Small,20,11,4.0,7,10.285,4.0,15.2,12.0,0.685125,3,4,9,42.14,2.99,4.73,0.4536000000000001,0.992,20,31
4,Sedan,18,10,7.0,11,15.978,6.0,22.8,17.0,18.696825,2,8,17,42.6,3.07,4.77,0.44145,0.992,20,28
2,Truck,18,8,17.5,3,10.21,17.5,66.5,52.5,3.42945,3,18,23,41.89,3.56,4.78,0.48195,0.993,19,28
1,SUV,19,10,13.5,3,11.443,13.5,51.3,40.5,2.426175,2,7,9,35.26,2.52,4.8,0.4212,0.989,22,28
2,Small,16,9,4.0,7,11.159,4.0,15.2,12.0,18.696825,1,7,15,37.55,2.23,4.79,0.4455,0.988,21,29
5,Small,20,8,4.0,3,10.723,4.0,15.2,12.0,13.009950000000002,3,6,19,27.99,3.11,4.78,0.46574999999999916,0.989,19,27
4,Small,18,11,4.0,3,3.488,4.0,15.2,12.0,19.434825,3,18,23,16.7,0.6,4.73,0.46574999999999916,0.905,19,29
4,Sedan,19,10,6.0,3,6.981,6.0,22.8,18.0,19.434825,3,5,8,10.06,1.78,4.63,0.48600000000000004,0.946,22,28
1,Sedan,18,8,6.0,11,5.445,6.0,22.8,18.0,3.42945,3,6,17,46.18,1.68,4.61,0.38475,0.987,23,29
1,Small,21,7,4.0,7,11.154,4.0,15.2,12.0,1.33605,1,5,20,45.33,3.13,4.66,0.39690000000000003,0.993,19,29
1,SUV,17,9,13.5,11,12.504,13.5,51.3,40.5,19.434825,2,2,7,27.06,2.3,4.8,0.45764999999999917,0.984,19,29
2,Small,20,7,4.0,7,5.159,4.0,15.2,12.0,5.4774,2,2,5,32.88,1.88,4.73,0.4374,0.984,21,27
2,SUV,22,10,13.5,7,4.232,13.5,51.3,40.5,1.33605,2,4,8,22.94,3.05,4.68,0.39690000000000003,0.986,22,29
4,Small,18,7,4.0,3,9.66,4.0,15.2,12.0,5.4774,2,18,23,32.53,2.0,4.61,0.39285000000000003,0.985,19,28
2,SUV,16,8,13.5,11,11.313,13.5,51.3,40.5,3.42945,3,6,15,29.37,2.06,4.72,0.4697999999999992,0.984,21,28
5,Small,16,9,5.0,11,13.791,4.0,15.2,11.0,18.696825,2,16,23,16.92,2.84,4.73,0.39285000000000003,0.979,20,28
2,Small,18,8,5.0,7,14.125,4.0,15.2,11.0,19.434825,1,6,17,40.87,2.95,4.67,0.5022000000000001,0.992,23,30
5,Sedan,20,8,6.0,3,8.0,6.0,22.8,18.0,3.42945,1,1,6,48.08,1.89,4.68,0.4616999999999992,0.989,20,28
4,Small,17,10,5.0,7,12.33,4.0,15.2,11.0,5.4774,3,8,16,49.17,0.79,4.75,0.4293,0.975,20,28
3,Small,20,11,4.0,3,10.4,4.0,15.2,12.0,0.685125,3,20,23,29.46,0.78,4.78,0.44145,0.957,21,31
4,Small,20,10,4.0,7,6.415,4.0,15.2,12.0,2.426175,1,20,23,46.23,0.8,4.62,0.37259999999999993,0.973,23,29
1,Truck,16,11,17.5,3,14.625,17.5,66.5,52.5,5.4774,1,5,9,41.84,3.57,4.67,0.38475,0.993,21,29
4,SUV,21,9,13.5,3,8.744,13.5,51.3,40.5,3.42945,1,21,23,45.73,2.99,4.68,0.4212,0.993,21,28
3,SUV,18,10,13.5,11,15.67,13.5,51.3,40.5,0.685125,3,8,17,47.26,3.55,4.71,0.4374,0.994,23,29
1,Small,18,10,4.0,11,9.828,4.0,15.2,12.0,18.696825,3,8,17,43.96,1.97,4.8,0.41715,0.989,22,28
3,SUV,19,9,13.5,3,19.089,13.5,51.3,40.5,2.426175,2,7,18,37.75,3.35,4.64,0.41715,0.992,19,31
1,Sedan,19,9,7.0,3,16.59,6.0,22.8,17.0,13.009950000000002,3,19,23,38.23,1.82,4.78,0.4131,0.986,22,31
3,SUV,18,8,13.5,3,7.12,13.5,51.3,40.5,19.434825,1,18,23,46.81,1.18,4.78,0.4536000000000001,0.982,19,27
2,Sedan,17,12,6.0,3,11.764,6.0,22.8,18.0,1.33605,3,3,10,21.06,3.24,4.62,0.3888,0.985,20,31
1,SUV,19,7,13.5,7,12.395,13.5,51.3,40.5,18.696825,1,4,5,18.15,2.05,4.76,0.4212,0.973,21,28
1,Small,18,12,4.0,11,3.417,4.0,15.2,12.0,0.685125,1,7,10,48.53,3.18,4.76,0.4697999999999992,0.994,20,28
5,SUV,16,9,13.5,7,8.192,13.5,51.3,40.5,0.685125,3,7,15,42.16,2.41,4.75,0.45764999999999917,0.99,19,28
1,Sedan,20,10,6.0,7,13.324,6.0,22.8,18.0,18.696825,3,20,23,41.42,2.19,4.6,0.49410000000000004,0.989,23,30
5,Small,17,7,5.0,11,12.394,4.0,15.2,11.0,19.434825,3,5,16,36.74,1.5,4.73,0.49005,0.982,23,27
2,Small,18,9,4.0,11,11.529,4.0,15.2,12.0,18.696825,2,5,7,16.66,3.04,4.77,0.40905,0.98,22,29
2,Sedan,19,9,6.0,3,8.315,6.0,22.8,18.0,18.696825,3,7,18,27.38,2.39,4.73,0.48195,0.985,21,28
3,SUV,17,11,13.5,11,7.867,13.5,51.3,40.5,18.696825,2,1,9,21.01,2.41,4.77,0.4616999999999992,0.98,19,27
3,Sedan,18,12,6.0,11,13.381,6.0,22.8,18.0,3.42945,1,18,23,26.85,1.31,4.66,0.4616999999999992,0.972,22,31
5,Small,17,9,5.0,7,13.553,4.0,15.2,11.0,18.696825,3,5,8,13.71,1.43,4.75,0.44145,0.95,19,27
2,SUV,17,10,13.5,3,5.348,13.5,51.3,40.5,18.696825,3,8,16,35.63,2.27,4.69,0.47790000000000005,0.988,21,29
2,Sedan,19,10,6.0,3,13.357,6.0,22.8,18.0,5.4774,1,19,23,27.9,1.96,4.62,0.46574999999999916,0.982,19,30
1,Sedan,17,10,6.0,3,13.208,6.0,22.8,18.0,2.426175,1,17,23,24.06,3.09,4.8,0.44955,0.987,23,29
3,SUV,18,8,13.5,11,11.937,13.5,51.3,40.5,18.696825,1,6,17,14.38,2.4,4.63,0.3888,0.971,23,27
2,Truck,17,10,17.5,3,11.381,17.5,66.5,52.5,5.4774,3,17,23,29.34,3.23,4.73,0.4212,0.99,23,27
5,Small,18,9,4.0,7,8.247,4.0,15.2,12.0,1.33605,3,7,17,22.73,2.32,4.64,0.47384999999999916,0.981,20,31
1,Sedan,16,11,6.0,7,15.087,6.0,22.8,18.0,1.33605,2,9,15,12.7,2.95,4.78,0.49410000000000004,0.974,22,27
1,Small,18,8,4.0,3,7.37,4.0,15.2,12.0,3.42945,2,6,8,37.37,0.55,4.69,0.4293,0.953,20,31
2,SUV,18,10,13.5,3,8.738,13.5,51.3,40.5,19.434825,1,5,8,36.16,1.78,4.64,0.48195,0.985,21,27
5,Sedan,19,9,6.0,11,8.654,6.0,22.8,18.0,2.426175,2,7,9,34.38,2.06,4.72,0.46574999999999916,0.986,22,28
5,Small,20,12,5.0,11,13.472,4.0,15.2,11.0,0.685125,2,20,23,33.85,2.85,4.8,0.4616999999999992,0.99,21,28
3,Small,17,7,5.0,7,12.228,4.0,15.2,11.0,5.4774,1,3,5,48.62,1.04,4.66,0.48195,0.98,20,27
1,Small,20,9,4.0,11,10.39,4.0,15.2,12.0,13.009950000000002,3,7,19,40.08,2.03,4.8,0.4697999999999992,0.988,19,28
3,Small,17,10,4.0,11,11.329,4.0,15.2,12.0,19.434825,1,17,23,37.6,1.87,4.61,0.47790000000000005,0.986,21,29
3,Truck,18,8,17.5,11,6.93,17.5,66.5,52.5,2.426175,2,5,7,13.39,0.61,4.75,0.36854999999999993,0.885,21,27
3,Truck,17,7,17.5,7,4.106,17.5,66.5,52.5,1.33605,3,17,23,38.42,2.68,4.79,0.48195,0.99,19,27
5,Small,21,9,4.0,3,3.405,4.0,15.2,12.0,13.009950000000002,2,21,23,23.12,1.9,4.7,0.5022000000000001,0.977,19,30
1,Sedan,17,7,6.0,11,8.425,6.0,22.8,18.0,19.434825,1,5,16,43.93,2.68,4.69,0.49410000000000004,0.992,22,27
4,SUV,18,7,13.5,3,7.428,13.5,51.3,40.5,0.685125,2,18,23,40.81,1.77,4.66,0.3888,0.986,23,29
3,Small,17,10,5.0,3,11.969,4.0,15.2,11.0,18.696825,3,17,23,28.31,3.2,4.79,0.4131,0.989,20,28
1,Truck,21,9,17.5,7,8.934,17.5,66.5,52.5,3.42945,2,7,20,46.23,2.65,4.72,0.49815,0.992,20,27
5,Sedan,20,9,6.0,11,8.41,6.0,22.8,18.0,1.33605,2,7,19,12.41,0.51,4.7,0.41715,0.854,19,27
4,Sedan,19,9,6.0,11,14.749,6.0,22.8,18.0,13.009950000000002,1,7,18,17.05,3.16,4.75,0.39690000000000003,0.982,23,29
3,Small,19,10,7.0,11,17.434,4.0,15.2,9.0,2.426175,2,3,8,11.69,1.94,4.66,0.47384999999999916,0.957,22,27
2,Small,20,10,6.0,11,15.402,4.0,15.2,10.0,5.4774,3,20,23,34.34,1.08,4.66,0.50625,0.973,19,29
4,Sedan,19,8,6.0,11,12.019,6.0,22.8,18.0,13.009950000000002,3,6,9,40.92,0.6,4.63,0.48195,0.96,19,27
5,SUV,18,9,13.5,11,9.179,13.5,51.3,40.5,19.434825,2,1,7,20.99,0.71,4.73,0.49815,0.935,19,31
3,Small,17,9,5.0,11,12.012,4.0,15.2,11.0,0.685125,1,7,16,39.63,0.83,4.63,0.45764999999999917,0.97,20,27
4,Small,18,11,4.0,11,5.628,4.0,15.2,12.0,1.33605,1,9,10,47.39,3.22,4.73,0.37664999999999993,0.993,22,29
2,Small,18,12,5.0,11,13.356,4.0,15.2,11.0,2.426175,3,10,17,15.96,2.75,4.73,0.38475,0.977,19,31
4,SUV,17,9,13.5,7,14.543,13.5,51.3,40.5,3.42945,1,7,16,38.28,3.37,4.77,0.47384999999999916,0.992,20,29
3,SUV,21,8,13.5,11,1.715,13.5,51.3,40.5,3.42945,3,1,6,21.79,2.76,4.79,0.4293,0.984,23,28
5,Sedan,16,11,6.0,7,8.81,6.0,22.8,18.0,19.434825,2,9,11,35.75,1.72,4.62,0.5022000000000001,0.984,19,31
2,SUV,19,10,13.5,7,6.97,13.5,51.3,40.5,18.696825,3,1,8,33.28,2.88,4.73,0.4374,0.99,20,27
5,Sedan,18,12,6.0,7,7.673,6.0,22.8,18.0,1.33605,2,10,17,45.52,1.8,4.69,0.3807,0.988,19,29
3,Small,17,10,4.0,11,9.824,4.0,15.2,12.0,1.33605,3,17,23,43.49,1.66,4.66,0.4697999999999992,0.986,19,28
4,Small,18,10,5.0,7,12.242,4.0,15.2,11.0,5.4774,1,8,17,18.07,1.84,4.68,0.39690000000000003,0.97,23,27
2,Truck,17,10,17.5,7,11.437,17.5,66.5,52.5,5.4774,3,7,10,32.76,1.12,4.75,0.48600000000000004,0.973,23,27
1,Small,19,8,4.0,11,9.012,4.0,15.2,12.0,5.4774,3,3,6,29.05,1.79,4.79,0.5022000000000001,0.981,19,30
2,Small,18,10,5.0,11,14.324,4.0,15.2,11.0,3.42945,1,8,17,49.84,2.01,4.79,0.44955,0.99,19,27
5,Small,16,10,4.0,3,7.45,4.0,15.2,12.0,3.42945,2,6,8,34.45,0.71,4.68,0.4455,0.96,19,28
4,Truck,16,7,17.5,7,5.527,17.5,66.5,52.5,2.426175,1,2,5,41.05,2.99,4.76,0.4293,0.992,22,28
4,Sedan,19,8,6.0,11,12.348,6.0,22.8,18.0,2.426175,1,3,6,19.62,0.88,4.72,0.49005,0.944,20,30
1,Small,16,11,4.0,3,9.27,4.0,15.2,12.0,1.33605,2,16,23,38.36,1.78,4.67,0.4697999999999992,0.985,21,31
2,Small,18,10,4.0,3,11.859,4.0,15.2,12.0,1.33605,3,8,17,27.79,0.59,4.7,0.405,0.941,23,28
4,SUV,19,10,13.5,7,8.861,13.5,51.3,40.5,13.009950000000002,1,19,23,22.21,3.48,4.74,0.37259999999999993,0.987,22,30
5,Sedan,17,8,6.0,7,9.556,6.0,22.8,18.0,19.434825,1,3,6,16.59,2.45,4.69,0.4697999999999992,0.976,23,27
5,Small,19,11,5.0,7,12.749,4.0,15.2,11.0,18.696825,3,9,18,29.92,0.94,4.62,0.405,0.965,21,31
1,Small,17,7,6.0,3,14.604,4.0,15.2,10.0,0.685125,2,2,5,20.05,2.44,4.63,0.48600000000000004,0.98,19,29
1,Small,20,10,4.0,11,8.764,4.0,15.2,12.0,0.685125,3,8,19,29.05,3.4,4.65,0.41715,0.99,22,29
3,Small,18,9,4.0,11,7.573,4.0,15.2,12.0,19.434825,1,18,23,15.27,2.56,4.73,0.48600000000000004,0.975,22,27
3,Truck,16,7,17.5,3,6.619,17.5,66.5,52.5,0.685125,1,1,5,19.92,2.34,4.74,0.4131,0.979,21,30
1,Small,19,7,5.0,3,11.968,4.0,15.2,11.0,18.696825,3,19,23,23.23,2.64,4.75,0.4616999999999992,0.984,23,27
4,Small,18,9,4.0,7,5.968,4.0,15.2,12.0,2.426175,1,6,7,40.09,0.95,4.74,0.49815,0.974,19,31
4,Sedan,17,10,6.0,11,9.536,6.0,22.8,18.0,19.434825,3,8,16,28.68,2.11,4.76,0.50625,0.984,23,31
2,Small,16,8,4.0,7,7.499,4.0,15.2,12.0,3.42945,2,2,6,25.03,2.93,4.76,0.3888,0.986,21,27
4,Sedan,19,10,6.0,7,12.547,6.0,22.8,18.0,19.434825,1,5,8,28.39,1.72,4.79,0.405,0.98,22,29
3,Small,19,8,4.0,3,10.624,4.0,15.2,12.0,2.426175,2,19,23,33.13,3.24,4.72,0.4212,0.991,19,28
4,Sedan,19,10,6.0,3,8.983,6.0,22.8,18.0,5.4774,1,19,23,9.36,0.55,4.8,0.49410000000000004,0.823,19,31
2,Sedan,18,7,6.0,7,11.906,6.0,22.8,18.0,3.42945,1,18,23,21.09,3.35,4.7,0.3807,0.986,22,27
5,Small,17,8,4.0,7,11.862,4.0,15.2,12.0,1.33605,2,17,23,32.37,3.11,4.68,0.41715,0.99,22,29
5,Small,18,10,4.0,7,11.793,4.0,15.2,12.0,19.434825,3,18,23,9.26,0.84,4.64,0.42524999999999996,0.879,19,31
5,Small,19,11,4.0,7,10.387,4.0,15.2,12.0,18.696825,3,19,23,34.86,3.54,4.61,0.40095000000000003,0.992,20,28
5,Small,20,10,4.0,7,6.642,4.0,15.2,12.0,0.685125,1,8,19,30.87,0.54,4.62,0.50625,0.942,22,30
4,Truck,18,9,17.5,7,7.588,17.5,66.5,52.5,13.009950000000002,1,6,7,49.77,0.57,4.61,0.4455,0.965,19,31
4,Sedan,18,8,6.0,3,8.447,6.0,22.8,18.0,2.426175,1,6,17,17.38,0.73,4.7,0.405,0.924,23,28
3,Small,17,12,6.0,7,16.462,4.0,15.2,10.0,18.696825,1,17,23,11.66,1.81,4.69,0.44955,0.954,22,28
3,Small,17,10,4.0,7,9.153,4.0,15.2,12.0,19.434825,1,8,16,42.55,2.97,4.78,0.48600000000000004,0.992,22,29
2,Sedan,18,10,7.0,3,16.499,6.0,22.8,17.0,0.685125,3,8,11,37.07,1.73,4.8,0.4616999999999992,0.985,23,31
5,Small,20,7,4.0,3,5.397,4.0,15.2,12.0,18.696825,2,5,19,11.68,1.85,4.61,0.47790000000000005,0.955,22,29
3,Sedan,21,10,6.0,3,7.937,6.0,22.8,18.0,1.33605,3,8,20,13.73,2.49,4.75,0.4293,0.971,23,30
3,Sedan,21,9,8.0,7,17.731,6.0,22.8,16.0,1.33605,2,7,20,43.34,3.09,4.75,0.4374,0.993,21,31
3,Truck,17,11,17.5,11,10.322,17.5,66.5,52.5,19.434825,2,2,9,24.42,3.05,4.61,0.49005,0.987,23,30
1,Small,17,9,4.0,3,8.157,4.0,15.2,12.0,18.696825,3,17,23,31.81,1.57,4.62,0.44145,0.98,23,31
1,Small,20,7,5.0,7,11.92,4.0,15.2,11.0,18.696825,3,20,23,23.99,2.22,4.64,0.4374,0.981,23,27
4,Small,17,9,5.0,11,13.136,4.0,15.2,11.0,0.685125,1,7,16,32.93,3.29,4.68,0.4293,0.991,22,28
4,SUV,19,9,13.5,3,11.737,13.5,51.3,40.5,3.42945,2,4,7,17.12,2.55,4.79,0.46574999999999916,0.977,20,31
3,Small,20,8,5.0,7,12.458,4.0,15.2,11.0,1.33605,1,1,6,12.57,2.67,4.62,0.37664999999999993,0.971,20,31
3,Small,20,8,5.0,7,13.743,4.0,15.2,11.0,5.4774,2,20,23,31.68,1.57,4.68,0.405,0.98,20,30
2,SUV,18,9,13.5,7,5.151,13.5,51.3,40.5,5.4774,1,7,17,45.23,3.38,4.8,0.3888,0.993,23,29
1,Small,22,10,4.0,3,3.753,4.0,15.2,12.0,3.42945,2,8,21,8.05,3.41,4.72,0.41715,0.964,19,31
3,Small,20,10,4.0,7,11.193,4.0,15.2,12.0,18.696825,1,7,8,41.26,1.59,4.75,0.3807,0.985,22,29
2,Truck,18,8,17.5,11,10.176,17.5,66.5,52.5,5.4774,3,6,17,24.0,2.46,4.74,0.4697999999999992,0.983,21,29
4,Sedan,20,10,6.0,7,8.385,6.0,22.8,18.0,19.434825,3,20,23,43.63,3.05,4.75,0.38475,0.993,19,29
5,Small,19,7,5.0,3,13.248,4.0,15.2,11.0,3.42945,3,4,7,44.71,1.35,4.7,0.4131,0.984,19,31
5,Sedan,20,9,7.0,3,15.698,6.0,22.8,17.0,5.4774,3,6,9,18.33,1.91,4.61,0.4212,0.972,19,28
1,SUV,16,11,13.5,3,8.713,13.5,51.3,40.5,18.696825,1,9,15,49.13,2.36,4.69,0.36449999999999994,0.991,20,28
3,SUV,18,9,13.5,7,9.504,13.5,51.3,40.5,5.4774,1,18,23,42.06,0.83,4.78,0.49815,0.972,21,31
4,SUV,18,8,13.5,11,18.418,13.5,51.3,40.5,0.685125,2,6,17,7.42,3.06,4.63,0.3888,0.957,20,30
5,Small,22,11,4.0,3,8.34,4.0,15.2,12.0,2.426175,3,9,12,11.37,0.56,4.63,0.40095000000000003,0.855,20,30
1,Sedan,18,9,6.0,7,12.51,6.0,22.8,18.0,19.434825,1,7,8,43.95,2.19,4.66,0.41715,0.99,22,28
1,Small,18,10,5.0,3,12.547,4.0,15.2,11.0,13.009950000000002,3,8,17,28.36,3.3,4.74,0.4293,0.989,22,30
5,Sedan,19,10,6.0,7,10.062,6.0,22.8,18.0,3.42945,3,19,23,17.48,2.39,4.79,0.39285000000000003,0.976,23,30
2,Sedan,19,9,6.0,3,10.611,6.0,22.8,18.0,19.434825,1,3,7,42.95,3.25,4.73,0.4616999999999992,0.993,23,31
1,Sedan,20,11,6.0,3,12.686,6.0,22.8,18.0,5.4774,1,9,10,32.87,3.39,4.73,0.38475,0.991,19,29
3,Sedan,21,7,6.0,11,9.87,6.0,22.8,18.0,18.696825,2,1,5,7.22,0.78,4.7,0.3888,0.837,23,31
4,SUV,19,11,13.5,7,6.674,13.5,51.3,40.5,0.685125,1,9,18,14.53,2.69,4.75,0.43335,0.975,19,30
3,Small,17,11,4.0,7,9.111,4.0,15.2,12.0,0.685125,2,17,23,39.67,2.56,4.72,0.49005,0.99,19,30
1,Sedan,19,8,6.0,11,9.559,6.0,22.8,18.0,13.009950000000002,3,19,23,35.91,2.54,4.62,0.39690000000000003,0.989,20,29
1,SUV,17,8,13.5,3,8.524,13.5,51.3,40.5,3.42945,3,2,6,32.48,1.74,4.68,0.5022000000000001,0.982,21,27
2,SUV,20,9,13.5,3,11.051,13.5,51.3,40.5,0.685125,1,7,19,8.72,2.65,4.64,0.4293,0.958,22,28
4,Small,21,8,5.0,3,12.346,4.0,15.2,11.0,19.434825,1,21,23,49.01,1.83,4.7,0.39690000000000003,0.989,20,28
4,Sedan,18,8,7.0,7,15.811,6.0,22.8,17.0,1.33605,3,6,17,34.69,3.3,4.72,0.44955,0.991,19,29
4,Sedan,18,10,6.0,3,6.015,6.0,22.8,18.0,1.33605,2,18,23,24.41,1.71,4.76,0.40095000000000003,0.976,20,28
4,Small,16,11,4.0,3,9.576,4.0,15.2,12.0,2.426175,2,16,23,46.57,2.63,4.68,0.41715,0.992,19,27
4,Sedan,19,8,6.0,11,10.984,6.0,22.8,18.0,18.696825,3,5,8,17.7,2.24,4.61,0.4212,0.975,20,30
1,SUV,17,9,13.5,11,5.21,13.5,51.3,40.5,3.42945,3,2,7,19.28,1.62,4.67,0.4455,0.968,23,31
2,Sedan,20,9,6.0,3,8.999,6.0,22.8,18.0,13.009950000000002,1,1,7,48.28,2.62,4.61,0.43335,0.992,20,31
3,Small,17,9,6.0,3,15.612,4.0,15.2,10.0,5.4774,1,7,16,48.19,1.88,4.77,0.44955,0.989,19,28
3,Truck,18,7,17.5,3,18.497,17.5,66.5,52.5,18.696825,1,5,17,19.42,3.57,4.64,0.40095000000000003,0.986,21,30
1,Small,19,8,4.0,3,9.446,4.0,15.2,12.0,0.685125,1,19,23,19.17,1.06,4.63,0.49410000000000004,0.952,22,29
2,Small,17,11,5.0,3,12.462,4.0,15.2,11.0,3.42945,2,17,23,25.74,2.56,4.66,0.47790000000000005,0.985,19,31
5,Truck,21,8,17.5,11,6.751,17.5,66.5,52.5,3.42945,3,2,6,34.63,1.93,4.69,0.4212,0.985,19,30
1,Small,21,9,4.0,3,10.883,4.0,15.2,12.0,2.426175,3,7,20,37.42,0.78,4.76,0.405,0.966,23,30
2,Truck,19,8,17.5,11,15.502,17.5,66.5,52.5,5.4774,3,1,6,48.16,1.56,4.68,0.4374,0.987,19,31
5,Small,16,9,4.0,3,11.668,4.0,15.2,12.0,5.4774,3,7,15,37.57,3.35,4.64,0.3888,0.992,19,29
2,Small,18,10,4.0,11,5.3,4.0,15.2,12.0,13.009950000000002,2,3,8,31.46,0.95,4.63,0.48195,0.967,19,28
3,Sedan,20,10,6.0,11,11.744,6.0,22.8,18.0,3.42945,1,8,19,35.25,3.05,4.62,0.40905,0.991,21,27
2,SUV,19,11,13.5,7,7.144,13.5,51.3,40.5,2.426175,2,1,9,37.5,3.06,4.66,0.37664999999999993,0.991,19,28
4,Truck,21,10,17.5,7,11.594,17.5,66.5,52.5,3.42945,2,8,20,22.93,2.05,4.67,0.50625,0.979,19,27
4,Small,18,11,4.0,3,10.147,4.0,15.2,12.0,2.426175,3,18,23,21.1,0.55,4.73,0.37259999999999993,0.917,20,31
1,SUV,21,11,13.5,11,10.875,13.5,51.3,40.5,13.009950000000002,1,9,20,15.14,1.99,4.73,0.4212,0.967,19,28
3,Sedan,18,9,6.0,3,8.796,6.0,22.8,18.0,1.33605,3,18,23,10.54,1.69,4.65,0.42524999999999996,0.945,20,27
4,Truck,19,8,17.5,7,10.973,17.5,66.5,52.5,19.434825,1,6,18,49.77,2.54,4.78,0.49815,0.992,22,31
3,SUV,18,7,13.5,3,7.777,13.5,51.3,40.5,0.685125,1,18,23,10.12,2.84,4.79,0.37259999999999993,0.966,20,31
2,Sedan,18,10,6.0,11,10.01,6.0,22.8,18.0,0.685125,2,18,23,23.74,1.53,4.78,0.4212,0.973,22,29
3,Sedan,19,11,7.0,3,16.769,6.0,22.8,17.0,1.33605,3,19,23,28.59,3.34,4.62,0.49005,0.99,20,27
4,Small,18,10,4.0,3,4.221,4.0,15.2,12.0,2.426175,2,5,8,40.18,0.6,4.66,0.4536000000000001,0.959,20,29
2,Small,17,8,4.0,7,7.732,4.0,15.2,12.0,19.434825,2,6,16,48.27,1.11,4.73,0.4536000000000001,0.982,21,29
4,Sedan,19,10,6.0,7,13.581,6.0,22.8,18.0,19.434825,1,19,23,50.06,2.29,4.61,0.3807,0.991,20,31
1,SUV,16,11,13.5,11,9.162,13.5,51.3,40.5,18.696825,2,8,10,21.28,1.94,4.79,0.48600000000000004,0.976,22,29
4,Small,18,10,4.0,7,9.746,4.0,15.2,12.0,2.426175,3,18,23,13.57,2.07,4.7,0.50625,0.965,20,29
5,Sedan,18,12,6.0,7,12.725,6.0,22.8,18.0,5.4774,1,4,10,30.32,1.38,4.64,0.4212,0.976,23,29
4,SUV,17,8,13.5,11,11.579,13.5,51.3,40.5,2.426175,3,4,7,22.55,1.49,4.72,0.3807,0.971,21,28
3,Small,16,8,4.0,11,4.482,4.0,15.2,12.0,1.33605,1,6,15,8.68,2.81,4.77,0.5022000000000001,0.96,21,27
4,Sedan,16,10,6.0,11,8.674,6.0,22.8,18.0,2.426175,1,8,15,48.35,3.46,4.63,0.49410000000000004,0.994,20,31
2,Sedan,19,8,6.0,11,9.733,6.0,22.8,18.0,3.42945,3,6,18,9.41,0.92,4.73,0.48600000000000004,0.891,19,29
3,SUV,17,7,13.5,3,7.557,13.5,51.3,40.5,1.33605,1,5,16,38.49,0.53,4.74,0.37259999999999993,0.952,20,27
3,Small,17,9,6.0,3,15.034,4.0,15.2,10.0,2.426175,3,4,7,23.7,1.19,4.61,0.4293,0.965,21,27
5,Sedan,19,9,6.0,3,8.484,6.0,22.8,18.0,3.42945,3,7,18,49.11,1.55,4.72,0.48600000000000004,0.987,22,29
3,Small,22,10,4.0,7,9.149,4.0,15.2,12.0,1.33605,1,8,9,10.23,1.6,4.65,0.3807,0.941,23,29
1,SUV,18,8,13.5,7,13.236,13.5,51.3,40.5,0.685125,3,6,17,8.41,1.26,4.75,0.39690000000000003,0.91,19,27
2,Small,21,11,5.0,3,12.601,4.0,15.2,11.0,2.426175,1,9,20,20.02,3.42,4.69,0.44955,0.986,21,27
3,Sedan,18,7,6.0,11,6.134,6.0,22.8,18.0,18.696825,3,4,7,36.91,0.6,4.78,0.4293,0.956,22,30
5,Small,21,7,4.0,3,11.307,4.0,15.2,12.0,5.4774,3,4,7,24.74,3.24,4.77,0.40905,0.988,22,30
2,Sedan,19,8,6.0,7,7.678,6.0,22.8,18.0,18.696825,3,6,18,38.7,2.96,4.8,0.41715,0.991,20,29
1,Sedan,16,8,6.0,3,9.346,6.0,22.8,18.0,19.434825,1,16,23,40.53,1.27,4.74,0.4455,0.981,23,30
4,Truck,21,7,17.5,3,2.86,17.5,66.5,52.5,13.009950000000002,2,4,6,35.83,3.17,4.67,0.40905,0.991,19,30
1,Sedan,16,11,6.0,7,7.156,6.0,22.8,18.0,0.685125,2,16,23,25.93,1.85,4.63,0.49815,0.979,22,30
5,Small,16,9,4.0,7,5.721,4.0,15.2,12.0,18.696825,3,3,7,35.67,3.29,4.77,0.49410000000000004,0.992,22,29
4,Small,17,11,4.0,11,6.975,4.0,15.2,12.0,5.4774,2,2,9,42.36,1.7,4.74,0.42524999999999996,0.986,19,28
2,Small,16,8,4.0,7,8.391,4.0,15.2,12.0,0.685125,1,6,7,47.33,2.51,4.67,0.3888,0.992,22,29
3,Small,18,11,4.0,7,8.931,4.0,15.2,12.0,2.426175,3,6,9,19.09,1.5,4.66,0.4536000000000001,0.966,23,28
1,Small,17,8,5.0,7,14.091,4.0,15.2,11.0,18.696825,1,6,16,21.86,1.2,4.72,0.49005,0.963,19,29
3,Small,21,8,4.0,3,9.241,4.0,15.2,12.0,19.434825,1,21,23,49.48,3.06,4.77,0.47384999999999916,0.993,19,28
3,Small,17,9,6.0,3,14.54,4.0,15.2,10.0,3.42945,1,17,23,30.31,2.98,4.72,0.44955,0.989,21,31
2,Small,20,9,6.0,7,16.128,4.0,15.2,10.0,18.696825,2,20,23,16.51,1.01,4.8,0.43335,0.942,23,31
4,SUV,20,8,13.5,11,11.983,13.5,51.3,40.5,2.426175,3,1,6,14.86,1.75,4.75,0.49410000000000004,0.962,19,29
2,Small,18,9,4.0,3,9.078,4.0,15.2,12.0,2.426175,3,5,8,45.87,3.38,4.67,0.41715,0.994,22,28
4,Small,19,9,5.0,7,13.926,4.0,15.2,11.0,3.42945,3,1,7,11.71,2.51,4.78,0.4455,0.967,19,28
1,Small,16,8,4.0,11,7.39,4.0,15.2,12.0,5.4774,2,5,7,12.13,2.16,4.61,0.4616999999999992,0.963,19,30
5,Sedan,19,10,6.0,3,12.166,6.0,22.8,18.0,2.426175,3,19,23,20.59,0.91,4.77,0.47384999999999916,0.948,23,31
1,Small,19,8,6.0,7,15.135,4.0,15.2,10.0,18.696825,1,5,6,25.74,0.61,4.68,0.40905,0.938,22,30
5,SUV,20,8,13.5,7,10.68,13.5,51.3,40.5,2.426175,2,20,23,8.33,1.79,4.68,0.39690000000000003,0.935,19,31
4,Sedan,18,11,6.0,7,5.672,6.0,22.8,18.0,0.685125,3,18,23,31.66,2.62,4.6,0.37664999999999993,0.988,19,29
1,Sedan,20,10,7.0,3,15.877,6.0,22.8,17.0,2.426175,1,20,23,14.21,0.92,4.66,0.405,0.926,23,27
5,SUV,20,10,13.5,7,9.866,13.5,51.3,40.5,1.33605,3,3,8,12.38,1.9,4.69,0.46574999999999916,0.958,23,30
1,Sedan,18,7,6.0,7,4.681,6.0,22.8,18.0,3.42945,3,18,23,28.14,2.3,4.8,0.4374,0.985,23,30
2,Small,17,9,4.0,7,7.214,4.0,15.2,12.0,18.696825,2,17,23,28.12,3.29,4.65,0.36854999999999993,0.989,22,29
5,Sedan,20,9,6.0,7,8.232,6.0,22.8,18.0,1.33605,2,20,23,21.28,1.35,4.63,0.50625,0.966,21,29
2,SUV,20,11,13.5,3,13.437,13.5,51.3,40.5,2.426175,1,20,23,8.16,1.25,4.79,0.44145,0.907,23,31
2,SUV,17,10,13.5,7,16.319,13.5,51.3,40.5,18.696825,2,17,23,25.5,2.16,4.6,0.42524999999999996,0.982,23,29
4,Sedan,19,10,6.0,7,11.99,6.0,22.8,18.0,19.434825,2,19,23,49.86,1.36,4.76,0.36449999999999994,0.985,20,29
1,Sedan,20,9,6.0,7,5.22,6.0,22.8,18.0,5.4774,1,20,23,8.41,3.59,4.8,0.4616999999999992,0.967,21,28
1,Truck,17,7,17.5,7,10.665,17.5,66.5,52.5,18.696825,3,5,16,25.81,3.3,4.68,0.3807,0.988,20,30
5,Small,18,10,7.0,3,17.704,4.0,15.2,9.0,3.42945,2,8,17,39.11,3.05,4.64,0.50625,0.992,20,27
1,Small,17,9,4.0,7,7.508,4.0,15.2,12.0,0.685125,3,1,7,27.35,2.14,4.64,0.36854999999999993,0.983,21,27
2,Truck,19,10,17.5,7,9.499,17.5,66.5,52.5,2.426175,1,3,8,21.27,2.29,4.76,0.43335,0.98,22,28
2,Small,18,8,4.0,3,8.687,4.0,15.2,12.0,19.434825,3,6,17,12.06,1.38,4.68,0.39285000000000003,0.942,19,27
5,Small,18,11,4.0,11,5.965,4.0,15.2,12.0,5.4774,1,2,9,13.87,1.7,4.6,0.49005,0.958,19,29
5,SUV,18,10,13.5,3,13.303,13.5,51.3,40.5,13.009950000000002,1,8,17,41.66,1.34,4.72,0.50625,0.982,19,28
5,SUV,19,9,13.5,7,14.297,13.5,51.3,40.5,18.696825,2,4,7,32.98,1.48,4.7,0.49410000000000004,0.98,20,27
2,Small,19,9,4.0,11,8.053,4.0,15.2,12.0,19.434825,3,19,23,14.3,1.12,4.67,0.44145,0.939,22,29
1,SUV,19,11,13.5,7,7.954,13.5,51.3,40.5,13.009950000000002,2,9,18,22.63,1.61,4.62,0.48195,0.973,23,28
1,Small,17,11,4.0,11,11.106,4.0,15.2,12.0,13.009950000000002,2,3,9,9.68,3.47,4.79,0.4293,0.971,23,27
2,Small,20,10,4.0,7,7.961,4.0,15.2,12.0,13.009950000000002,3,8,19,22.11,0.56,4.72,0.4131,0.922,19,29
1,Truck,20,9,17.5,7,7.814,17.5,66.5,52.5,18.696825,1,20,23,6.85,0.98,4.64,0.36854999999999993,0.862,21,31
5,Small,18,7,4.0,7,7.174,4.0,15.2,12.0,5.4774,2,5,17,7.21,0.51,4.77,0.42524999999999996,0.762,19,30
5,Small,17,8,4.0,7,10.184,4.0,15.2,12.0,0.685125,2,17,23,20.45,2.99,4.75,0.3807,0.984,19,30
5,Sedan,18,8,6.0,11,9.448,6.0,22.8,18.0,1.33605,2,18,23,31.54,1.24,4.71,0.4212,0.975,20,27
4,Small,19,9,5.0,3,13.893,4.0,15.2,11.0,3.42945,2,19,23,10.45,1.76,4.71,0.48195,0.947,23,28
3,Sedan,20,9,6.0,11,6.4,6.0,22.8,18.0,3.42945,3,20,23,31.64,3.57,4.74,0.49005,0.991,22,29
4,Small,19,9,5.0,11,13.253,4.0,15.2,11.0,3.42945,1,7,18,9.24,3.05,4.72,0.3888,0.965,19,28
3,Small,16,8,5.0,7,12.714,4.0,15.2,11.0,19.434825,2,1,6,40.98,0.82,4.74,0.4212,0.971,22,29
3,Small,17,10,4.0,7,9.172,4.0,15.2,12.0,1.33605,1,17,23,24.48,3.31,4.79,0.4616999999999992,0.988,22,27
1,Small,17,8,4.0,11,8.929,4.0,15.2,12.0,2.426175,3,6,16,22.47,1.39,4.61,0.4616999999999992,0.968,21,28
2,Sedan,18,10,6.0,7,11.901,6.0,22.8,18.0,5.4774,2,18,23,48.52,1.15,4.8,0.37259999999999993,0.982,19,28
2,Small,18,12,6.0,3,15.896,4.0,15.2,10.0,0.685125,2,10,17,27.32,1.87,4.71,0.4455,0.981,23,27
2,SUV,19,9,13.5,7,10.366,13.5,51.3,40.5,19.434825,1,19,23,49.89,0.51,4.71,0.42524999999999996,0.961,21,28
1,Sedan,17,10,6.0,7,7.575,6.0,22.8,18.0,19.434825,3,17,23,9.94,0.95,4.73,0.41715,0.9,19,28
4,Sedan,19,10,6.0,7,8.427,6.0,22.8,18.0,2.426175,3,19,23,11.49,2.71,4.77,0.49005,0.968,22,29
1,SUV,17,8,13.5,3,8.229,13.5,51.3,40.5,0.685125,2,5,7,28.02,1.63,4.8,0.39285000000000003,0.978,22,29
5,Small,19,9,5.0,3,11.898,4.0,15.2,11.0,3.42945,2,19,23,13.91,3.18,4.74,0.4455,0.978,19,30
1,Sedan,19,8,6.0,11,7.51,6.0,22.8,18.0,5.4774,3,19,23,29.89,3.55,4.65,0.46574999999999916,0.991,23,29
4,Small,19,7,4.0,3,7.166,4.0,15.2,12.0,2.426175,3,19,23,30.26,1.29,4.75,0.4293,0.975,23,27
2,Sedan,16,10,7.0,3,17.021,6.0,22.8,17.0,13.009950000000002,2,8,15,28.78,2.38,4.66,0.46574999999999916,0.986,21,29
3,SUV,20,7,13.5,7,5.167,13.5,51.3,40.5,18.696825,2,20,23,22.28,2.05,4.77,0.4131,0.978,23,30
1,SUV,16,10,13.5,7,10.95,13.5,51.3,40.5,2.426175,2,16,23,30.92,3.12,4.69,0.4293,0.99,19,29
5,Small,21,12,4.0,11,7.662,4.0,15.2,12.0,1.33605,1,10,20,31.19,3.53,4.66,0.46574999999999916,0.991,20,27
2,Small,18,9,4.0,11,7.604,4.0,15.2,12.0,18.696825,1,18,23,48.5,0.77,4.64,0.3807,0.974,21,28
3,Small,19,8,4.0,3,3.837,4.0,15.2,12.0,19.434825,3,6,18,15.44,0.86,4.68,0.38475,0.927,20,27
3,Truck,18,11,17.5,3,9.618,17.5,66.5,52.5,0.685125,1,1,9,42.09,2.46,4.75,0.43335,0.99,22,29
1,Sedan,18,9,6.0,3,14.483,6.0,22.8,18.0,5.4774,2,18,23,44.36,0.91,4.71,0.49410000000000004,0.976,19,30
3,Small,21,10,4.0,3,7.537,4.0,15.2,12.0,3.42945,3,8,20,48.41,2.89,4.62,0.48195,0.993,23,29
1,Truck,18,7,17.5,3,10.03,17.5,66.5,52.5,2.426175,3,5,17,42.98,0.83,4.76,0.4455,0.972,22,29
2,Small,19,10,4.0,3,6.785,4.0,15.2,12.0,3.42945,1,19,23,41.32,1.33,4.77,0.40095000000000003,0.982,20,28
2,Sedan,22,8,7.0,7,16.136,6.0,22.8,17.0,5.4774,3,6,21,16.38,3.48,4.62,0.40905,0.983,20,27
1,Truck,19,9,17.5,3,11.523,17.5,66.5,52.5,2.426175,3,5,8,46.21,2.44,4.62,0.5022000000000001,0.991,23,28
4,Small,18,8,4.0,3,9.917,4.0,15.2,12.0,19.434825,2,18,23,35.72,1.2,4.67,0.37259999999999993,0.977,19,30
1,Small,19,9,6.0,7,16.12,4.0,15.2,10.0,5.4774,1,19,23,32.07,0.65,4.63,0.42524999999999996,0.953,23,28
2,Sedan,19,10,6.0,7,10.319,6.0,22.8,18.0,13.009950000000002,3,7,10,32.55,1.48,4.64,0.4616999999999992,0.979,23,29
2,SUV,17,9,13.5,7,14.622,13.5,51.3,40.5,13.009950000000002,2,7,16,6.97,1.83,4.63,0.46574999999999916,0.925,19,27
1,Sedan,17,10,6.0,7,14.194,6.0,22.8,18.0,5.4774,1,8,16,21.6,1.71,4.63,0.4374,0.973,19,30
5,Small,20,7,4.0,7,9.621,4.0,15.2,12.0,19.434825,2,20,23,20.24,1.84,4.77,0.41715,0.974,22,28
4,Truck,17,10,17.5,11,12.741,17.5,66.5,52.5,2.426175,3,5,8,23.86,1.56,4.64,0.37664999999999993,0.973,23,30
5,Small,22,10,4.0,7,11.442,4.0,15.2,12.0,0.685125,1,8,21,26.58,1.63,4.8,0.405,0.977,22,29
2,Small,21,10,4.0,11,3.912,4.0,15.2,12.0,13.009950000000002,1,21,23,41.18,1.26,4.62,0.39690000000000003,0.981,23,31
4,SUV,18,7,13.5,11,6.556,13.5,51.3,40.5,2.426175,3,5,17,11.59,0.59,4.76,0.47384999999999916,0.864,19,30
1,Sedan,17,10,6.0,7,12.164,6.0,22.8,18.0,1.33605,2,17,23,15.18,2.99,4.61,0.4697999999999992,0.978,22,31
5,Small,19,10,5.0,7,12.977,4.0,15.2,11.0,2.426175,2,4,8,38.13,2.08,4.63,0.44955,0.987,21,29
5,Small,20,8,5.0,7,12.508,4.0,15.2,11.0,1.33605,2,6,19,36.49,0.93,4.69,0.39285000000000003,0.971,20,27
5,Sedan,19,9,6.0,7,14.721,6.0,22.8,18.0,18.696825,1,7,18,21.55,2.21,4.71,0.47384999999999916,0.979,20,31
2,Sedan,19,10,6.0,11,10.66,6.0,22.8,18.0,1.33605,1,19,23,29.27,1.97,4.7,0.4212,0.983,20,30
2,Small,17,10,4.0,11,11.71,4.0,15.2,12.0,0.685125,1,3,8,31.88,1.93,4.69,0.47790000000000005,0.984,19,27
4,Sedan,18,9,6.0,7,9.535,6.0,22.8,18.0,1.33605,2,18,23,25.53,2.71,4.71,0.44955,0.986,21,27
1,SUV,20,9,13.5,11,3.761,13.5,51.3,40.5,13.009950000000002,3,20,23,37.58,3.47,4.65,0.3888,0.992,23,30
5,Small,17,11,4.0,7,8.271,4.0,15.2,12.0,19.434825,3,9,16,11.09,0.83,4.78,0.39285000000000003,0.897,23,29
4,Small,17,9,5.0,11,12.297,4.0,15.2,11.0,0.685125,1,7,16,31.65,1.95,4.68,0.46574999999999916,0.984,21,28
5,SUV,19,10,13.5,7,5.254,13.5,51.3,40.5,13.009950000000002,2,8,18,16.34,2.66,4.67,0.42524999999999996,0.977,21,27
1,Sedan,18,9,6.0,7,3.22,6.0,22.8,18.0,2.426175,3,7,17,13.96,3.1,4.61,0.50625,0.977,20,30
1,Truck,18,10,17.5,7,10.076,17.5,66.5,52.5,13.009950000000002,3,7,10,18.59,2.02,4.79,0.4293,0.974,19,30
1,SUV,20,12,13.5,11,8.165,13.5,51.3,40.5,18.696825,3,10,19,10.89,1.39,4.61,0.49410000000000004,0.936,22,31
2,Small,17,8,4.0,7,10.373,4.0,15.2,12.0,5.4774,1,6,16,27.26,0.56,4.72,0.50625,0.937,20,31
1,SUV,19,9,13.5,3,9.683,13.5,51.3,40.5,18.696825,3,7,18,30.83,2.74,4.78,0.39690000000000003,0.988,19,31
5,Small,19,12,4.0,3,9.462,4.0,15.2,12.0,18.696825,3,8,11,16.7,1.13,4.73,0.47384999999999916,0.948,20,27
2,Truck,17,8,17.5,3,9.021,17.5,66.5,52.5,18.696825,2,17,23,28.02,3.02,4.65,0.37259999999999993,0.988,22,31
4,Sedan,19,10,6.0,7,7.038,6.0,22.8,18.0,18.696825,3,7,10,18.93,3.31,4.7,0.46574999999999916,0.984,19,28
5,Small,21,9,4.0,3,10.485,4.0,15.2,12.0,5.4774,1,2,7,26.32,2.14,4.72,0.4131,0.982,23,30
3,Small,19,12,4.0,11,9.119,4.0,15.2,12.0,19.434825,3,5,10,7.06,1.14,4.68,0.39285000000000003,0.883,23,31
4,Sedan,18,11,6.0,11,6.133,6.0,22.8,18.0,19.434825,2,9,17,13.14,0.94,4.75,0.48195,0.922,23,29
2,Small,19,10,4.0,7,10.274,4.0,15.2,12.0,3.42945,1,8,18,30.86,2.48,4.63,0.4536000000000001,0.987,23,28
2,SUV,18,11,13.5,3,3.981,13.5,51.3,40.5,1.33605,2,18,23,7.81,2.26,4.68,0.47790000000000005,0.945,22,30
3,SUV,16,9,13.5,3,12.411,13.5,51.3,40.5,13.009950000000002,1,7,15,26.11,1.44,4.71,0.37259999999999993,0.974,22,29
1,Small,19,10,4.0,11,10.555,4.0,15.2,12.0,18.696825,1,8,18,23.6,0.53,4.64,0.41715,0.923,20,27
2,Small,17,11,5.0,3,12.123,4.0,15.2,11.0,0.685125,1,9,16,12.21,1.89,4.77,0.39285000000000003,0.958,20,30
1,SUV,18,11,13.5,11,7.289,13.5,51.3,40.5,2.426175,3,18,23,33.41,2.96,4.76,0.40095000000000003,0.99,22,28
1,Sedan,18,9,6.0,11,7.236,6.0,22.8,18.0,0.685125,3,7,17,49.7,3.2,4.7,0.4374,0.994,20,28
2,Truck,19,10,17.5,3,7.053,17.5,66.5,52.5,3.42945,1,8,18,34.29,1.15,4.71,0.49005,0.975,23,29
5,Small,21,11,6.0,11,15.966,4.0,15.2,10.0,2.426175,2,7,9,16.83,2.8,4.78,0.48600000000000004,0.979,23,31
2,SUV,20,8,13.5,7,8.012,13.5,51.3,40.5,19.434825,1,20,23,30.09,3.54,4.6,0.49005,0.991,19,27
5,Small,20,11,4.0,11,8.582,4.0,15.2,12.0,5.4774,2,20,23,17.78,0.54,4.64,0.37259999999999993,0.901,20,28
2,SUV,17,9,13.5,7,12.849,13.5,51.3,40.5,1.33605,2,17,23,14.01,0.77,4.67,0.46574999999999916,0.911,23,31
3,Sedan,16,7,6.0,7,7.425,6.0,22.8,18.0,1.33605,3,16,23,49.74,3.56,4.75,0.47384999999999916,0.994,19,29
1,Sedan,20,12,7.0,7,16.687,6.0,22.8,17.0,5.4774,3,20,23,20.24,2.65,4.73,0.42524999999999996,0.982,22,31
1,Sedan,21,7,6.0,3,7.091,6.0,22.8,18.0,5.4774,1,3,5,44.1,3.48,4.78,0.39285000000000003,0.994,19,30
3,Truck,21,11,17.5,7,6.207,17.5,66.5,52.5,19.434825,1,2,9,25.9,1.7,4.63,0.3888,0.978,22,29
1,Sedan,17,12,6.0,11,9.251,6.0,22.8,18.0,19.434825,3,10,16,25.01,2.36,4.75,0.4536000000000001,0.983,23,30
3,Sedan,17,8,6.0,7,12.81,6.0,22.8,18.0,5.4774,3,3,6,20.17,3.36,4.74,0.44955,0.985,20,28
4,Truck,21,10,17.5,3,5.304,17.5,66.5,52.5,2.426175,1,6,8,22.11,2.84,4.7,0.49005,0.984,23,28
3,SUV,20,11,13.5,3,12.822,13.5,51.3,40.5,0.685125,1,5,9,19.48,1.43,4.77,0.48600000000000004,0.965,22,27
4,Sedan,21,9,6.0,3,7.044,6.0,22.8,18.0,19.434825,1,7,20,24.91,2.03,4.74,0.40905,0.98,21,31
4,Sedan,18,11,6.0,7,11.734,6.0,22.8,18.0,1.33605,3,9,17,10.72,2.1,4.68,0.46574999999999916,0.957,23,28
3,Small,16,7,5.0,3,13.417,4.0,15.2,11.0,13.009950000000002,1,5,15,12.2,2.93,4.68,0.3807,0.972,21,29
4,Truck,20,8,17.5,11,9.164,17.5,66.5,52.5,13.009950000000002,3,6,19,14.7,2.2,4.77,0.3888,0.97,20,27
3,Small,18,11,5.0,3,12.624,4.0,15.2,11.0,3.42945,2,9,11,28.66,1.69,4.67,0.43335,0.98,23,28
1,Sedan,19,11,6.0,3,12.014,6.0,22.8,18.0,3.42945,2,9,18,44.43,2.13,4.76,0.42524999999999996,0.989,20,31
2,Sedan,18,7,6.0,3,7.959,6.0,22.8,18.0,18.696825,2,18,23,12.36,3.43,4.71,0.49005,0.977,22,29
5,Sedan,19,9,6.0,7,13.128,6.0,22.8,18.0,5.4774,3,7,18,43.59,1.1,4.77,0.48195,0.979,22,29
1,Small,18,12,4.0,11,9.852,4.0,15.2,12.0,2.426175,3,10,17,23.17,1.95,4.67,0.37664999999999993,0.978,21,29
5,Small,18,9,4.0,7,8.183,4.0,15.2,12.0,18.696825,1,2,7,37.08,3.59,4.68,0.4293,0.993,19,27
1,Sedan,17,9,6.0,11,10.193,6.0,22.8,18.0,18.696825,2,7,16,40.6,2.44,4.69,0.49815,0.99,23,27
2,Small,18,8,4.0,7,2.812,4.0,15.2,12.0,19.434825,2,2,6,29.46,2.85,4.77,0.42524999999999996,0.988,23,31
4,SUV,18,10,13.5,3,4.198,13.5,51.3,40.5,18.696825,1,8,17,17.02,0.93,4.67,0.4536000000000001,0.939,22,31
1,Small,18,9,4.0,3,10.296,4.0,15.2,12.0,3.42945,1,7,17,21.79,3.46,4.73,0.3888,0.987,23,28
2,Sedan,19,8,6.0,11,10.716,6.0,22.8,18.0,5.4774,1,6,18,32.9,1.72,4.63,0.48195,0.982,23,29
5,SUV,17,8,13.5,11,11.574,13.5,51.3,40.5,1.33605,2,17,23,45.2,1.91,4.79,0.4293,0.988,22,29
2,Sedan,17,9,6.0,11,11.046,6.0,22.8,18.0,5.4774,2,7,16,7.73,2.38,4.79,0.41715,0.947,19,28
5,Small,20,10,5.0,7,11.96,4.0,15.2,11.0,3.42945,2,8,19,13.07,1.69,4.64,0.4536000000000001,0.956,22,29
4,Sedan,19,11,7.0,7,15.32,6.0,22.8,17.0,3.42945,2,19,23,9.4,0.54,4.63,0.38475,0.821,21,27
1,Small,18,9,4.0,11,10.741,4.0,15.2,12.0,5.4774,3,7,17,25.71,3.15,4.78,0.41715,0.988,21,30
5,Small,21,8,7.0,11,19.155,4.0,15.2,9.0,13.009950000000002,3,5,8,23.96,2.25,4.77,0.4455,0.982,20,27
2,Small,21,11,4.0,11,8.617,4.0,15.2,12.0,5.4774,3,6,9,30.83,1.27,4.7,0.42524999999999996,0.975,23,30
5,SUV,17,11,13.5,11,10.439,13.5,51.3,40.5,18.696825,3,9,16,31.9,2.77,4.62,0.41715,0.989,20,30
1,Sedan,18,11,6.0,7,7.267,6.0,22.8,18.0,19.434825,2,18,23,34.62,2.97,4.74,0.50625,0.99,19,31
5,Small,21,9,4.0,7,5.975,4.0,15.2,12.0,0.685125,1,7,20,30.6,3.45,4.66,0.46574999999999916,0.991,23,31
1,Truck,20,10,17.5,11,8.918,17.5,66.5,52.5,2.426175,2,2,8,9.79,1.72,4.74,0.43335,0.942,23,29
3,Sedan,20,10,6.0,11,4.114,6.0,22.8,18.0,0.685125,3,7,10,27.88,3.48,4.77,0.3807,0.99,23,30
1,Small,18,11,4.0,7,4.475,4.0,15.2,12.0,5.4774,1,6,9,24.33,2.11,4.71,0.36449999999999994,0.981,22,30
3,Small,19,8,4.0,7,9.09,4.0,15.2,12.0,2.426175,3,1,6,37.7,1.84,4.75,0.4455,0.986,23,27
2,Sedan,16,8,6.0,11,11.771,6.0,22.8,18.0,19.434825,1,6,7,44.79,2.97,4.67,0.39285000000000003,0.993,21,27
2,Sedan,18,9,6.0,11,1.712,6.0,22.8,18.0,3.42945,3,18,23,19.63,1.23,4.79,0.44955,0.959,22,31
5,Small,19,10,4.0,3,11.245,4.0,15.2,12.0,0.685125,3,7,10,15.73,2.97,4.73,0.49410000000000004,0.979,20,31
5,Small,19,8,4.0,7,11.801,4.0,15.2,12.0,18.696825,2,4,6,29.07,2.53,4.6,0.405,0.986,22,31
2,SUV,20,10,13.5,3,13.065,13.5,51.3,40.5,2.426175,3,6,9,12.75,0.5,4.73,0.405,0.855,22,31
3,Sedan,17,11,6.0,3,7.386,6.0,22.8,18.0,19.434825,1,3,9,28.59,2.85,4.73,0.4616999999999992,0.988,20,27
4,Sedan,18,8,6.0,7,13.09,6.0,22.8,18.0,0.685125,1,3,6,49.37,0.91,4.7,0.5022000000000001,0.978,23,31
3,Sedan,17,10,6.0,11,10.673,6.0,22.8,18.0,13.009950000000002,3,8,16,40.19,0.83,4.62,0.48195,0.97,23,30
4,Small,18,9,4.0,11,8.373,4.0,15.2,12.0,19.434825,3,18,23,25.45,2.91,4.8,0.37259999999999993,0.987,19,31
5,Small,18,11,4.0,11,9.116,4.0,15.2,12.0,5.4774,2,9,11,36.41,3.06,4.62,0.38475,0.991,20,30
4,Sedan,17,11,6.0,3,6.134,6.0,22.8,18.0,18.696825,1,17,23,28.63,2.99,4.78,0.47790000000000005,0.988,22,30
5,Small,18,10,6.0,11,16.981,4.0,15.2,10.0,2.426175,2,8,17,16.08,2.36,4.67,0.4616999999999992,0.974,19,31
1,Sedan,20,12,6.0,3,4.842,6.0,22.8,18.0,3.42945,2,10,19,27.36,1.35,4.78,0.45764999999999917,0.973,20,29
5,Truck,20,8,17.5,7,5.098,17.5,66.5,52.5,1.33605,1,2,6,16.92,1.7,4.72,0.4212,0.966,20,29
1,Small,16,8,4.0,7,7.825,4.0,15.2,12.0,13.009950000000002,2,6,15,21.94,3.58,4.64,0.3807,0.987,19,31
5,Small,18,10,4.0,7,5.904,4.0,15.2,12.0,5.4774,1,2,8,30.12,2.15,4.69,0.49815,0.985,20,27
4,SUV,18,8,13.5,7,14.979,13.5,51.3,40.5,5.4774,2,1,6,47.55,3.53,4.79,0.38475,0.994,23,29
2,SUV,19,9,13.5,7,10.387,13.5,51.3,40.5,5.4774,1,19,23,9.58,0.7,4.63,0.49005,0.861,21,31
4,SUV,18,8,13.5,3,15.219,13.5,51.3,40.5,13.009950000000002,3,18,23,16.72,0.57,4.72,0.38475,0.9,19,28
2,SUV,21,9,13.5,3,10.499,13.5,51.3,40.5,19.434825,3,5,8,29.73,1.3,4.64,0.50625,0.974,23,28
2,SUV,17,11,13.5,11,10.272,13.5,51.3,40.5,0.685125,1,7,9,44.84,2.9,4.72,0.39690000000000003,0.992,20,31
5,Sedan,21,8,6.0,3,12.295,6.0,22.8,18.0,18.696825,3,2,6,31.44,0.99,4.61,0.4616999999999992,0.968,22,31
3,Truck,19,12,17.5,11,9.824,17.5,66.5,52.5,19.434825,1,19,23,20.75,1.68,4.64,0.47790000000000005,0.972,21,30
5,Small,20,7,4.0,3,2.038,4.0,15.2,12.0,0.685125,1,1,5,40.52,0.69,4.61,0.49815,0.965,21,28
1,Truck,18,10,17.5,11,5.857,17.5,66.5,52.5,1.33605,1,8,17,9.52,1.78,4.71,0.3888,0.943,23,29
1,Truck,19,10,17.5,11,1.16,17.5,66.5,52.5,0.685125,2,7,9,15.71,0.64,4.78,0.4455,0.905,20,27
4,SUV,16,10,13.5,11,5.451,13.5,51.3,40.5,3.42945,3,3,8,46.57,2.55,4.62,0.38475,0.992,20,31
5,SUV,22,9,13.5,11,6.884,13.5,51.3,40.5,3.42945,2,7,21,30.48,1.22,4.67,0.39690000000000003,0.973,23,29
2,Truck,16,10,17.5,3,6.525,17.5,66.5,52.5,2.426175,3,8,15,38.57,1.83,4.78,0.3807,0.986,23,27
4,Sedan,17,10,6.0,7,10.867,6.0,22.8,18.0,13.009950000000002,3,8,16,34.8,0.75,4.61,0.4455,0.962,20,28
